DENOMINACIÓN,DESCRIPCIÓN DEL PRODUCTO OFERTADO,descripcion_completa,categoriaUso_id
"CATETER ARTERIAL UMBILICAL N° 3,5 FR.",CATETER UMBILICAL ARGYLE 1 LUMEN 3.5FR/25.4CM,"cateter arterial umbilical n° 3,5 fr. cateter umbilical argyle 1 lumen 3.5fr/25.4cm",0
CATETER ARTERIAL UMBILICAL N° 5 FR 100% SILICONA ,CATETER UMBILICAL ARGYLE 1 LUMEN 5.0FR/25.4CM,cateter arterial umbilical n° 5 fr 100% silicona  cateter umbilical argyle 1 lumen 5.0fr/25.4cm,0
CATETER ARTERIAL UMBILICAL N° 5 FR 100% SILICONA,CATETER UMBILICAL ARGYLE 1 LUMEN 5.0FR/25.4CM,cateter arterial umbilical n° 5 fr 100% silicona cateter umbilical argyle 1 lumen 5.0fr/25.4cm,0
CATETER UMBILICAL VENOSO DOBLE LUMEN 5 FR 38 CM (SILMAG REF. 544-50-D ),CATETER UMBILICAL ARGYLE DOBLE LUMEN 5FR,cateter umbilical venoso doble lumen 5 fr 38 cm (silmag ref. 544-50-d ) cateter umbilical argyle doble lumen 5fr,0
"CATETER PERCUTANEO NEONATAL DOBLE LUMEN 1,9 FR.PEEL -AWAY CON INTRODUCTOR (REF: MEDTRONIC, KITCHPICC 192)","KIT SIMPLE PICC 1,9 DOBLE LUMEN C/INTRODUCTOR","cateter percutaneo neonatal doble lumen 1,9 fr.peel -away con introductor (ref: medtronic, kitchpicc 192) kit simple picc 1,9 doble lumen c/introductor",0
"INTRODUCTOR DE CATETER PERCUTANEO DOBLE LUMEN 1,9 FR",INTRODUCTOR PICC PEEL-AWAY,"introductor de cateter percutaneo doble lumen 1,9 fr introductor picc peel-away",0
"CATETER INTRAVENOSO DE POLIURETANO 22 G 0,9 X 25 MM. CON SISTEMA DE SEGURIDAD PASIVO","INTROCAN SAFETY PUR G22 x 1"" (25 mm.)","cateter intravenoso de poliuretano 22 g 0,9 x 25 mm. con sistema de seguridad pasivo introcan safety pur g22 x 1"" (25 mm.)",0
"CATETER INTRAVENOSO DE POLIURETANO 24 G X  3/4"" (0,7 X 19 MM) CON SISTEMA DE SEGURIDAD PASIVO","INTROCAN SAFETY PUR G24 x 3/4"" (19 mm.)","cateter intravenoso de poliuretano 24 g x  3/4"" (0,7 x 19 mm) con sistema de seguridad pasivo introcan safety pur g24 x 3/4"" (19 mm.)",0
"CATETER INTRAVENOSO 16G 1,7 X 30 MM. CON SISTEMA DE SEGURIDAD RETRACTIL","CATETER INTRAVENOSO DE VIALON 16G  1,7 X 30 MM. CON SISTEMA DE SEGURIDAD RETRACTIL, INSYTE AUTOGUARD, CODIGO 381854","cateter intravenoso 16g 1,7 x 30 mm. con sistema de seguridad retractil cateter intravenoso de vialon 16g  1,7 x 30 mm. con sistema de seguridad retractil, insyte autoguard, codigo 381854",0
"CATETER INTRAVENOSO 20G 1,1 X 30 MM. CON SISTEMA DE SEGURIDAD  RETRACTIL (BD REF 381834)","CATETER INTRAVENOSO DE VIALON 20G 1,1 X 30 MM. CON SISTEMA DE SEGURIDAD RETRACTIL, INSYTE AUTOGUARD, CODIGO 381834","cateter intravenoso 20g 1,1 x 30 mm. con sistema de seguridad  retractil (bd ref 381834) cateter intravenoso de vialon 20g 1,1 x 30 mm. con sistema de seguridad retractil, insyte autoguard, codigo 381834",0
"CATETER INTRAVENOSO DE POLIURETANO 22 G 0,9 X 25 MM. CON SISTEMA DE SEGURIDAD RETRACTIL","CATETER INTRAVENOSO DE BIOSEGURIDAD DE VIALON, 22 G X 1"" (0,9 X 25 MM) CON SISTEMA DE SEGURIDAD, BD INSYTE AUTOGUARD, CODIGO 381823","cateter intravenoso de poliuretano 22 g 0,9 x 25 mm. con sistema de seguridad retractil cateter intravenoso de bioseguridad de vialon, 22 g x 1"" (0,9 x 25 mm) con sistema de seguridad, bd insyte autoguard, codigo 381823",0
"CATETER INTRAVENOSO DE POLIURETANO 24 G X  3/4"" (0,7 X 19 MM) CON SISTEMA DE SEGURIDAD RETRACTIL","CATETER INTRAVENOSO DE POLIURETANO, VIALON, 24 G X  3/4"" (0,7 X 19 MM) CON SISTEMA DE SEGURIDAD RETRACTIL, BD INSYTE AUTOGUARD, CODIGO 381812","cateter intravenoso de poliuretano 24 g x  3/4"" (0,7 x 19 mm) con sistema de seguridad retractil cateter intravenoso de poliuretano, vialon, 24 g x  3/4"" (0,7 x 19 mm) con sistema de seguridad retractil, bd insyte autoguard, codigo 381812",0
"CATETER DE INFUSION INTRAVENOSA TIPO MARIPOSA 19 G X 3/4""",MARIPOSAS 19 G X ¾,"cateter de infusion intravenosa tipo mariposa 19 g x 3/4"" mariposas 19 g x ¾",0
"CATETER DE INFUSION INTRAVENOSA TIPO MARIPOSA 21 G X 3/4""",MARIPOSAS 21 G X ¾,"cateter de infusion intravenosa tipo mariposa 21 g x 3/4"" mariposas 21 g x ¾",0
"CATETER DE INFUSION INTRAVENOSA TIPO MARIPOSA 25 G X 3/4""",MARIPOSAS 25 G X ¾,"cateter de infusion intravenosa tipo mariposa 25 g x 3/4"" mariposas 25 g x ¾",0
"CATETER DE INFUSION INTRAVENOSA TIPO MARIPOSA 27 G X 3/4""",MARIPOSAS 19 G X ¾,"cateter de infusion intravenosa tipo mariposa 27 g x 3/4"" mariposas 19 g x ¾",0
"CATETER INTRAVENOSO 18G 1,3 X 30 MM. CON SISTEMA DE SEGUIRIDAD RETRACTIL",347,"cateter intravenoso 18g 1,3 x 30 mm. con sistema de seguiridad retractil 347",0
"CATETER INTRAVENOSO DE POLIURETANO CON ALAS 22 G 0,9 X 25 MM. CON SISTEMA DE SEGURIDAD RETRACTIL",781,"cateter intravenoso de poliuretano con alas 22 g 0,9 x 25 mm. con sistema de seguridad retractil 781",0
"CATETER INTRAVENOSO 14G 2,1x 45 MM. CON SISTEMA DE SEGURIDAD ",276430 BD INSYTE AUTOGUARD CATETER I.V.SEGURIDAD NARANJA 14GA X 1.75 (R:381867) X50 BD MEDICAL,"cateter intravenoso 14g 2,1x 45 mm. con sistema de seguridad  276430 bd insyte autoguard cateter i.v.seguridad naranja 14ga x 1.75 (r:381867) x50 bd medical",0
VALVULA DERIVATIVA DE REGULAR PRESION MEDIA ADULTO,Valvula para Hidrocefalia Regular o Adulto presion MEDIA  esteril Libre de latex,valvula derivativa de regular presion media adulto valvula para hidrocefalia regular o adulto presion media  esteril libre de latex,0
VALVULA DERIVATIVA SMALL DE PRESION BAJA PEDIATRICA (MEDTRONIC REF. 903Ax1),Valvula para Hidrocefalia Small o pediatrica presion BAJA esteril Libre de latex,valvula derivativa small de presion baja pediatrica (medtronic ref. 903ax1) valvula para hidrocefalia small o pediatrica presion baja esteril libre de latex,0
VALVULA DERIVATIVA SMALL DE PRESION MEDIA PEDIATRICA ,Valvula para hidrocefalia Small o Pediatrica Presion MEDIA esteril Libre de Latex,valvula derivativa small de presion media pediatrica  valvula para hidrocefalia small o pediatrica presion media esteril libre de latex,0
VALVULA DERIVATIVA ULTRA SMALL  PRESION MEDIA NEONATAL (MEDTRONIC REF 22011 M x 1),Valvula para hidrocefalia Ultra Small o Neonatal Presion MEDIA esteril Libre de latex,valvula derivativa ultra small  presion media neonatal (medtronic ref 22011 m x 1) valvula para hidrocefalia ultra small o neonatal presion media esteril libre de latex,0
PECHERA  DESECHABLE CON MANGA IMPERMEABLE (CON PUÑO O OJAL),SKU700700 PECHERA DESECHABLE CON OJAL PARA EL PULGAR. MARCA BIOMEDIKA. PROCEDENCIA CHINA. BOLSA X 10 UNIDADES,pechera  desechable con manga impermeable (con puño o ojal) sku700700 pechera desechable con ojal para el pulgar. marca biomedika. procedencia china. bolsa x 10 unidades,0
PAPEL ALTA DENSIDAD UPP-210HD (210MM X 25 M),"PAPEL ECOGRÁFICO SONY, FABRICADO POR SONY, JAPÓN. MEDIDAS: 210MM X 25 MT. ESPECIFICACIONES: ALTA DENSIDAD, BOBINADO EXTERNO. PRESENTACIÓN EN ROLLO. FICHA TÉCNICA INCLUIDA","papel alta densidad upp-210hd (210mm x 25 m) papel ecográfico sony, fabricado por sony, japón. medidas: 210mm x 25 mt. especificaciones: alta densidad, bobinado externo. presentación en rollo. ficha técnica incluida",0
PAPEL ECG ELECTROCARDIOGRAFO MOD  MAC 500,"PAPEL ECG. FABRICADO POR LA TECNOCARTA, ITALIA. MEDIDAS: 90MM X 90MM. ESPECIFICACIONES: COMPATIBLE CON ECG MAC 500. PRESENTACIÓN EN RESMA. CERTIFICACIÓN CE, ISO. FICHA TÉCNICA INCLUIDA.","papel ecg electrocardiografo mod  mac 500 papel ecg. fabricado por la tecnocarta, italia. medidas: 90mm x 90mm. especificaciones: compatible con ecg mac 500. presentación en resma. certificación ce, iso. ficha técnica incluida.",0
PAPEL ECG ELECTROCARDIOGRAFO MOD  MAC 600,"PAPEL ECG MAC 400. FABRICADO POR LA TECNOCARTA, ITALIA. MEDIDAS: 80MM X 90MM. PRESENTACIÓN EN RESMA DE 280 HOJAS. CERTIFICACIÓN CE, ISO. FICHA TÉCNICA INCLUIDA.","papel ecg electrocardiografo mod  mac 600 papel ecg mac 400. fabricado por la tecnocarta, italia. medidas: 80mm x 90mm. presentación en resma de 280 hojas. certificación ce, iso. ficha técnica incluida.",0
"PAPEL ECG EN ""Z""  210X 140X 200 (Modelo  ECG 2350)","PAPEL TÉRMICO ECG. FABRICADO POR LA TECNOCARTA, ITALIA. MEDIDAS: 210MM X 140MM. ESPECIFICACIONES: TERMICO, EN Z, COMPATIBLE PARA NIHON KOHDEN. PRESENTACIÓN EN RESMA. CERTIFICACIÓN CE, ISO. FICHA TÉCNICA INCLUIDA.","papel ecg en ""z""  210x 140x 200 (modelo  ecg 2350) papel térmico ecg. fabricado por la tecnocarta, italia. medidas: 210mm x 140mm. especificaciones: termico, en z, compatible para nihon kohden. presentación en resma. certificación ce, iso. ficha técnica incluida.",0
PAPEL MONITOR GE MOD MAC 400 Z FOLD 80MM X 90 MMX 280 HJS (ORIGINAL),"PAPEL ECG MAC 400. FABRICADO POR LA TECNOCARTA, ITALIA. MEDIDAS: 80MM X 90MM. PRESENTACIÓN EN RESMA DE 280 HOJAS. CERTIFICACIÓN CE, ISO. FICHA TÉCNICA INCLUIDA.","papel monitor ge mod mac 400 z fold 80mm x 90 mmx 280 hjs (original) papel ecg mac 400. fabricado por la tecnocarta, italia. medidas: 80mm x 90mm. presentación en resma de 280 hojas. certificación ce, iso. ficha técnica incluida.",0
PAPEL PARA AUTOREFRACTOMETRO,"PAPEL TEMOSENSIBLE 57 MM. FABRICADO POR LA TECNOCARTA, ITALIA. MEDIDAS: 57MM X 25 MT. COLOR BLANCO, TERMOSENSIBLE. PRESENTACIÓN EN ROLLO. CERTIFICACIÓN CE, ISO. FICHA TÉCNICA INCLUIDA.","papel para autorefractometro papel temosensible 57 mm. fabricado por la tecnocarta, italia. medidas: 57mm x 25 mt. color blanco, termosensible. presentación en rollo. certificación ce, iso. ficha técnica incluida.",0
PAPEL PARA DESFIBRILADOR NIHON KOHDEN ,"PAPEL ECG. FABRICADO POR LA TECNOCARTA, ITALIA. MEDIDAS: 50MM X 100MM. PARA NIHON KOHDEN. PRESENTACIÓN EN RESMA. CERTIFICACIÓN CE, ISO. FICHA TÉCNICA INCLUIDA.","papel para desfibrilador nihon kohden  papel ecg. fabricado por la tecnocarta, italia. medidas: 50mm x 100mm. para nihon kohden. presentación en resma. certificación ce, iso. ficha técnica incluida.",0
PAPEL PARA ECG MAC 800,"PAPEL ECG MAC 800. FABRICADO POR LA TECNOCARTA, ITALIA. MEDIDAS: 110MM X 140MM. PRESENTACIÓN EN RESMA. CERTIFICACIÓN CE, ISO. FICHA TÉCNICA INCLUIDA.","papel para ecg mac 800 papel ecg mac 800. fabricado por la tecnocarta, italia. medidas: 110mm x 140mm. presentación en resma. certificación ce, iso. ficha técnica incluida.",0
"PAPEL PARA ELECTROCARDIOGRAFO, 12 DERIVACIONES, MEDIDA 80 X 20 MM.","PAPEL ELECTROCARDIOGRAMA 80MM. FABRICADO POR LA TECNOCARTA, ITALIA. MEDIDAS: 80MM X 20 MT. CUADRICULADO, TERMOSENSIBLE. PRESENTACIÓN EN ROLLO. CERTIFICACIÓN CE, ISO. FICHA TÉCNICA INCLUIDA.","papel para electrocardiografo, 12 derivaciones, medida 80 x 20 mm. papel electrocardiograma 80mm. fabricado por la tecnocarta, italia. medidas: 80mm x 20 mt. cuadriculado, termosensible. presentación en rollo. certificación ce, iso. ficha técnica incluida.",0
"PAPEL PARA ELECTROCARDIOGRAFO, MEDIDA 110 X 140 MM., REFERENCIA MODELO ECG-9020K (M13)","PAPEL ECG. FABRICADO POR LA TECNOCARTA, ITALIA. MEDIDAS: 110MM X 140MM. PRESENTACIÓN EN RESMA. CERTIFICACIÓN CE, ISO. FICHA TÉCNICA INCLUIDA","papel para electrocardiografo, medida 110 x 140 mm., referencia modelo ecg-9020k (m13) papel ecg. fabricado por la tecnocarta, italia. medidas: 110mm x 140mm. presentación en resma. certificación ce, iso. ficha técnica incluida",0
"PAPEL PARA ELECTROCARDIOGRAFO, MEDIDA 50 MM. X 30 MT. TERMOSENSIBLE ROLLO","PAPEL DESFIBRILADOR. FABRICADO POR LA TECNOCARTA, ITALIA. ESPECIFICACIONES: PAPEL TEMOSENSIBLE, MILIMETRADO. MEDIDAS: 50MM X 30 MT. PRODUCTO SIN VENCIMIENTO. CERTIFICACIÓN CE, ISO. FICHA TÉCNICA INCLUIDA","papel para electrocardiografo, medida 50 mm. x 30 mt. termosensible rollo papel desfibrilador. fabricado por la tecnocarta, italia. especificaciones: papel temosensible, milimetrado. medidas: 50mm x 30 mt. producto sin vencimiento. certificación ce, iso. ficha técnica incluida",0
"PAPEL PARA ELECTROCARDIOGRAFO, MEDIDA 60 MM.","PAPEL PARA ELECTROCARDIÓGRAFO. FABRICADO POR LA TECNOCARTA, ITALIA. MEDIDAS: 60MM X 30 MTS. PRESENTACIÓN EN ROLLO. PRODUCTO SIN VENCIMIENTO. CERTIFICACIÓN CE, ISO. FICHA TÉCNICA INCLUIDA.","papel para electrocardiografo, medida 60 mm. papel para electrocardiógrafo. fabricado por la tecnocarta, italia. medidas: 60mm x 30 mts. presentación en rollo. producto sin vencimiento. certificación ce, iso. ficha técnica incluida.",0
"PAPEL PARA ELECTROCARDIOGRAFO, MEDIDA 63 MM.","PAPEL ECG. FABRICADO POR LA TECNOCARTA, ITALIA. MEDIDAS: 63MM X 30 MT. ESPECIFICACIONES: TERMOSENSIBLE, MILIMETRADO. PRESENTACIÓN EN ROLLO. CERTIFICACIÓN CE, ISO. FICHA TÉCNICA INCLUIDA.","papel para electrocardiografo, medida 63 mm. papel ecg. fabricado por la tecnocarta, italia. medidas: 63mm x 30 mt. especificaciones: termosensible, milimetrado. presentación en rollo. certificación ce, iso. ficha técnica incluida.",0
"PAPEL PARA ELECTROCARDIOGRAFO, REFERENCIA AT1 SCHILLER ","PAPEL ECG. FABRICADO POR LA TECNOCARTA, ITALIA. MEDIDAS: 90MM X 90MM. ESPECIFICACIONES: COMPATIBLE PARA SCHILLER. PRESENTACIÓN RESMA 400 HOJAS. PRODUCTO SIN VENCIMIENTO. CERTIFICACIÓN CE, ISO. FICHA TÉCNICA INCLUIDA.","papel para electrocardiografo, referencia at1 schiller  papel ecg. fabricado por la tecnocarta, italia. medidas: 90mm x 90mm. especificaciones: compatible para schiller. presentación resma 400 hojas. producto sin vencimiento. certificación ce, iso. ficha técnica incluida.",0
"PAPEL PARA ELECTROCARDIÓGRAFO, REFERENCIA EDAN SE-12","PAPEL ECG. FABRICADO POR LA TECNOCARTA, ITALIA. MEDIDAS: 210MM X 295MM. ESPECIFICACIONES: PAPEL COMPATIBLE PARA ECG EDAN SE-12. PRESENTACIÓN RESMA EN Z. CERTIFICACIÓN CE, ISO. FICHA TÉCNICA INCLUIDA.","papel para electrocardiógrafo, referencia edan se-12 papel ecg. fabricado por la tecnocarta, italia. medidas: 210mm x 295mm. especificaciones: papel compatible para ecg edan se-12. presentación resma en z. certificación ce, iso. ficha técnica incluida.",0
"PAPEL PARA ELECTROCARDIOGRAFO, REFERENCIA EQUIPO 9620 (NIHON KONDERO)","PAPEL ECG. FABRICADO POR LA TECNOCARTA, ITALIA. MEDIDAS: 63MM X 30 MT. ESPECIFICACIONES: TERMOSENSIBLE, MILIMETRADO. PRESENTACIÓN EN ROLLO. CERTIFICACIÓN CE, ISO. FICHA TÉCNICA INCLUIDA.","papel para electrocardiografo, referencia equipo 9620 (nihon kondero) papel ecg. fabricado por la tecnocarta, italia. medidas: 63mm x 30 mt. especificaciones: termosensible, milimetrado. presentación en rollo. certificación ce, iso. ficha técnica incluida.",0
"PAPEL PARA ELECTROCARDIOGRAFO, REFERENCIA MOD.( MAC  500) (REF.P-226-167-02)","PAPEL ECG. FABRICADO POR LA TECNOCARTA, ITALIA. MEDIDAS: 90MM X 90MM. ESPECIFICACIONES: COMPATIBLE CON ECG MAC 500. PRESENTACIÓN EN RESMA. CERTIFICACIÓN CE, ISO. FICHA TÉCNICA INCLUIDA.","papel para electrocardiografo, referencia mod.( mac  500) (ref.p-226-167-02) papel ecg. fabricado por la tecnocarta, italia. medidas: 90mm x 90mm. especificaciones: compatible con ecg mac 500. presentación en resma. certificación ce, iso. ficha técnica incluida.",0
"PAPEL PARA ELECTROCARDIOGRAFO, REFERENCIA R 9402-021","PAPEL TEST DE ESFUERZO. FABRICADO POR LA TECNOCARTA, ITALIA. MEDIDAS: 210MM X 280MM. ESPECIFICACIONES: MILIMETRADO. PRESENTACIÓN EN RESMA DE 300 HOJAS. CERTIFICACIÓN CE, ISO. FICHA TÉCNICA INCLUIDA.","papel para electrocardiografo, referencia r 9402-021 papel test de esfuerzo. fabricado por la tecnocarta, italia. medidas: 210mm x 280mm. especificaciones: milimetrado. presentación en resma de 300 hojas. certificación ce, iso. ficha técnica incluida.",0
"PAPEL PARA MONITOR FETAL, REFERENCIA M1911A PHILLIPS","PAPEL PARA MONITOR FETAL. FABRICADO POR LA TECNOCARTA, ITALIA. MEDIDAS: 150MM X 100MM. PAPEL MONITOR FETAL PHILIPS. PRESENTACIÓN EN RESMA 150 HOJAS. PRODUCTO SIN VENCIMIENTO. CERTIFICACIÓN CE, ISO. FICHA TÉCNICA INCLUIDA.","papel para monitor fetal, referencia m1911a phillips papel para monitor fetal. fabricado por la tecnocarta, italia. medidas: 150mm x 100mm. papel monitor fetal philips. presentación en resma 150 hojas. producto sin vencimiento. certificación ce, iso. ficha técnica incluida.",0
PAPEL REFERENCIA SONY UPP 110 ALTA DENSIDAD (HD),"PAPEL ECOGRÁFICO SONY. FABRICADO POR JAPÓN. MEDIDAS: 110MM X 20 MT. OBSERVACIONES: ALTA DENSIDAD, BOBINADO EXTERNO. PRESENTACIÓN EN ROLLO. PAPEL ORIGINAL. FICHA TÉCNICA INCLUIDA.","papel referencia sony upp 110 alta densidad (hd) papel ecográfico sony. fabricado por japón. medidas: 110mm x 20 mt. observaciones: alta densidad, bobinado externo. presentación en rollo. papel original. ficha técnica incluida.",0
PAPEL REFERENCIA SONY UPP 110 HG,"PAPEL ECOGRÁFICO SONY. FABRICADO POR JAPÓN. MEDIDAS: 110MM X 18MT. OBSERVACIONES: PAPEL VIDEO PRINTER, BOBINADO EXTERNO. PRESESNTACIÓN EN ROLLO. FICHA TÉCNICA INCLUIDA","papel referencia sony upp 110 hg papel ecográfico sony. fabricado por japón. medidas: 110mm x 18mt. observaciones: papel video printer, bobinado externo. presesntación en rollo. ficha técnica incluida",0
PAPEL REFERENCIA SONY UPP 84 HG,"PAPEL ECOGRÁFICO SONY. FABRICADO POR SONY, JAPÓN. MEDIDAS: 84MM X 12MT. OBSERVACIONES: ALTO BRILLO, SONY ORIGINAL. PRESENTACIÓN EN ROLLO. FICHA TÉCNICA INCLUIDA","papel referencia sony upp 84 hg papel ecográfico sony. fabricado por sony, japón. medidas: 84mm x 12mt. observaciones: alto brillo, sony original. presentación en rollo. ficha técnica incluida",0
PAPEL REGISTRO EN Z 110 X 140 X 140 HOJAS (UNITEL) ,"PAPEL ECG. FABRICADO POR LA TECNOCARTA, ITALIA. MEDIDAS: 110MM X 140MM. PRESENTACIÓN EN RESMA. PAPEL EN Z FOLD. COMPATIBLE ECG SE-601. CERTIFICACIÓN CE, ISO. FICHA TÉCNICA INCLUIDA","papel registro en z 110 x 140 x 140 hojas (unitel)  papel ecg. fabricado por la tecnocarta, italia. medidas: 110mm x 140mm. presentación en resma. papel en z fold. compatible ecg se-601. certificación ce, iso. ficha técnica incluida",0
"PAPEL REGISTRO, REFERENCIA MONITOR FQS 503100 (M9)","PAPEL ECG. FABRICADO POR LA TECNOCARTA, ITALIA. MEDIDAS: 50MM X 100MM. PARA NIHON KOHDEN. PRESENTACIÓN EN RESMA. CERTIFICACIÓN CE, ISO. FICHA TÉCNICA INCLUIDA.","papel registro, referencia monitor fqs 503100 (m9) papel ecg. fabricado por la tecnocarta, italia. medidas: 50mm x 100mm. para nihon kohden. presentación en resma. certificación ce, iso. ficha técnica incluida.",0
"PAPEL TERMOSENSIBLE EN Z , REFERENCIA MODELO  CP50  ","PAPEL ECG. FABRICADO POR LA TECNOCARTA, ITALIA. ESPECIFICACIONES: COMPATIBLE PARA ECG WELCH ALLYN, 114MM ANCHO. PRESENTACIÓN EN RESMA EN Z. PRODUCTO SIN VENCIMIENTO. CERTIFICACIÓN CE, ISO. FICHA TÉCNICA INCLUIDA.","papel termosensible en z , referencia modelo  cp50   papel ecg. fabricado por la tecnocarta, italia. especificaciones: compatible para ecg welch allyn, 114mm ancho. presentación en resma en z. producto sin vencimiento. certificación ce, iso. ficha técnica incluida.",0
"PAPEL Z, MEDIDA DE 80 MM., REFERENCIA PARA EQUIPO MAC 400  COD. . GEAC2030887-001","PAPEL ECG MAC 400. FABRICADO POR LA TECNOCARTA, ITALIA. MEDIDAS: 80MM X 90MM. PRESENTACIÓN EN RESMA DE 280 HOJAS. CERTIFICACIÓN CE, ISO. FICHA TÉCNICA INCLUIDA.","papel z, medida de 80 mm., referencia para equipo mac 400  cod. . geac2030887-001 papel ecg mac 400. fabricado por la tecnocarta, italia. medidas: 80mm x 90mm. presentación en resma de 280 hojas. certificación ce, iso. ficha técnica incluida.",0
"PAPEL Z, REFERNCIA PARA MONITOR CARDIACO BIFASICO MARCA ZOLL","PAPEL PARA DESFIBRILADOR. FABRICADO POR LA TECNOCARTA, ITALIA. MEDIDAS: 90MM X 90MM. ESPECIFICACIONES: PAPEL EN ZPARA DESFIBRILADOR ZOLL. PRESENTACIÓN: RESMA 200 HOJAS. CERTIFICACIÓN CE, ISO. FICHA TÉCNICA INCLUIDA.","papel z, referncia para monitor cardiaco bifasico marca zoll papel para desfibrilador. fabricado por la tecnocarta, italia. medidas: 90mm x 90mm. especificaciones: papel en zpara desfibrilador zoll. presentación: resma 200 hojas. certificación ce, iso. ficha técnica incluida.",0
"PAPEL Z, REGISTRO TERMICO , REFERENCIA MONITOR FETAL COROMETRIC 170","PAPEL PARA MONITOR FETAL. FABRICADO POR LA TECNOCARTA, ITALIA. MEDIDAS: 152MM X 900MM.  PRESENTACIÓN EN RESMA 150 HOJAS. PRODUCTO SIN VENCIMIENTO. CERTIFICACIÓN CE, ISO. FICHA TÉCNICA INCLUIDA.","papel z, registro termico , referencia monitor fetal corometric 170 papel para monitor fetal. fabricado por la tecnocarta, italia. medidas: 152mm x 900mm.  presentación en resma 150 hojas. producto sin vencimiento. certificación ce, iso. ficha técnica incluida.",0
PAPEL TYVEC 10 CMS. X 70 MT.,42410 ROLLO STERRAD CON INDICADOR QUIMICO 100mm X 70 M,papel tyvec 10 cms. x 70 mt. 42410 rollo sterrad con indicador quimico 100mm x 70 m,0
CEPILLO DE LIMPIEZA  DESECHABLE  PARA BRONCOSCOPIO  711616  PARA BRONCOSCOPIO,"Cepillo de Limpieza DESECHABLE, marca Endo-Flex, procedencia ALEMANA.
- 2,0 mm diametro
- 180 cm longitud
- 5,0 mm de diametro del cepillo
- 20,0 mm de longitud del cepillo
- Doble Pompon","cepillo de limpieza  desechable  para broncoscopio  711616  para broncoscopio cepillo de limpieza desechable, marca endo-flex, procedencia alemana.
- 2,0 mm diametro
- 180 cm longitud
- 5,0 mm de diametro del cepillo
- 20,0 mm de longitud del cepillo
- doble pompon",0
COPELA DE ACERO INOXIDABLE DE 500 CC,"COPELA ACERO INOX. 0.16L, 85X40MM","copela de acero inoxidable de 500 cc copela acero inox. 0.16l, 85x40mm",0
PINZA ANATOMICA 14 CM-16 CM DE ACERO INOXIDABLE ,PINZA ANATOMICA 14.5CM,pinza anatomica 14 cm-16 cm de acero inoxidable  pinza anatomica 14.5cm,0
PINZA KELLY DE 14 CM RECTA,"PINZA HEMOSTATICA KELLY RECTA, 14CM","pinza kelly de 14 cm recta pinza hemostatica kelly recta, 14cm",0
PINZA KELLY RECTA 14 CM-16 CM DE ACERO INOXIDABLE ,"PINZA HEMOSTATICA KELLY RECTA, 14CM","pinza kelly recta 14 cm-16 cm de acero inoxidable  pinza hemostatica kelly recta, 14cm",0
PINZA KOCHER CURVA 16 CM,PINZA HEMOSTATICA KOCHER CURVA 1X2 DIENTES 16 CM,pinza kocher curva 16 cm pinza hemostatica kocher curva 1x2 dientes 16 cm,0
PINZA MOSQUITO CURVA 12 CM,"PINZA HALSTED MOSQUITO CURVA 12,5 CM","pinza mosquito curva 12 cm pinza halsted mosquito curva 12,5 cm",0
PINZA MOSQUITO RECTA 12 CM,"PINZA HALSTED MOSQUITO RECTA 12,5CM","pinza mosquito recta 12 cm pinza halsted mosquito recta 12,5cm",0
PINZA QUIRURGICA 14 CM-16 CM DE ACERO INOXIDABLE,"PINZA QUIRURGICA 1X2 DIENTES, 16CM","pinza quirurgica 14 cm-16 cm de acero inoxidable pinza quirurgica 1x2 dientes, 16cm",0
PORTA BISTURI N° 3 (PARA HOJA N° 15),"MANGO BISTURI N°3 12,5CM","porta bisturi n° 3 (para hoja n° 15) mango bisturi n°3 12,5cm",0
PORTA BISTURI N° 4 (PARA HOJA N° 20),MANGO BISTURI N°4,porta bisturi n° 4 (para hoja n° 20) mango bisturi n°4,0
RIÑON DE ACERO INOXIDABLE DE 500 ML. ,RIÑON STANDARD 250MM; 500ML,riñon de acero inoxidable de 500 ml.  riñon standard 250mm; 500ml,0
RIÑON DESECHABLE DE  500 ML. ,105AA260 RIÑON PULPA BIO 700CC CJAX260,riñon desechable de  500 ml.  105aa260 riñon pulpa bio 700cc cjax260,0
TIJERA CURVA METZENBAUM 14 a 17 CM. DE ACERO INOXIDABLE,"TIJERA METZENBAUM CURVA, 14.5 CM","tijera curva metzenbaum 14 a 17 cm. de acero inoxidable tijera metzenbaum curva, 14.5 cm",0
TIJERA CURVA METZENBAUM 18 CM. DE ACERO INOXIDABLE,TIJERA METZENBAUM NELSON CURVA 18CM,tijera curva metzenbaum 18 cm. de acero inoxidable tijera metzenbaum nelson curva 18cm,0
TIJERA MAYO RECTA 14 CM. DE ACERO INOXIDABLE PUNTA ROMA,"TIJERA MAYO RECTA, 14.5 CM","tijera mayo recta 14 cm. de acero inoxidable punta roma tijera mayo recta, 14.5 cm",0
TIJERA PUNTA IRIS RECTA 12 CM.DE ACERO INOXIDABLE,TIJERA IRIS RECTA A/A 12 CM,tijera punta iris recta 12 cm.de acero inoxidable tijera iris recta a/a 12 cm,0
TIJERA QUIRURGICA 14 CM. DE ACERO INOXIDABLE PUNTA ROMA,"TIJERA QUIRURGICA RECTA PUNTA R/R, 14.5CM","tijera quirurgica 14 cm. de acero inoxidable punta roma tijera quirurgica recta punta r/r, 14.5cm",0
TIJERA RECTA METZENBAUM 14 a 17 CM. DE ACERO INOXIDABLE,"TIJERA METZENBAUM RECTA, 14.5CM","tijera recta metzenbaum 14 a 17 cm. de acero inoxidable tijera metzenbaum recta, 14.5cm",0
TIJERA RECTA METZENBAUM 18 CM. DE ACERO INOXIDABLE,TIJERA METZENBAUM NELSON RECTA 18 CM,tijera recta metzenbaum 18 cm. de acero inoxidable tijera metzenbaum nelson recta 18 cm,0
"EQUIPO PARA INFUSION CON TOMA DE AIRE  COMPATIBLE CON BOMBAS DE INFUSION 180CM  (INTRAFIX SAFE SET AIR BRAUN, REF 401450SE)",INTRAFIX AIR P SAFESET I.S. 180 cm. c/luer lock,"equipo para infusion con toma de aire  compatible con bombas de infusion 180cm  (intrafix safe set air braun, ref 401450se) intrafix air p safeset i.s. 180 cm. c/luer lock",0
CANULA INTRAVENA CON BIOSEGURIDAD CON ALAS N° 20 GA 1.00,"cateter intravenoso de bioseguridad Insyte Autoguard winged  20G x 1"" o 30 mm codigo BD 381933","canula intravena con bioseguridad con alas n° 20 ga 1.00 cateter intravenoso de bioseguridad insyte autoguard winged  20g x 1"" o 30 mm codigo bd 381933",0
CANULA INTRAVENA CON BIOSEGURIDAD CON ALAS N° 24 GA ,"cateter intravenoso de bioseguridad Insyte Autoguard  24G x 0,75"" o 30 mm codigo BD 381912","canula intravena con bioseguridad con alas n° 24 ga  cateter intravenoso de bioseguridad insyte autoguard  24g x 0,75"" o 30 mm codigo bd 381912",0
CANULA INTRAVENA CON BIOSEGURIDAD Nº 20 X 30 MM  ,"cateter intravenoso de bioseguridad Insyte Autoguard  20G x 1"" o 30 mm codigo BD 381833","canula intravena con bioseguridad nº 20 x 30 mm   cateter intravenoso de bioseguridad insyte autoguard  20g x 1"" o 30 mm codigo bd 381833",0
"ACELERADOR DE INFUSION PARA SANGRE PARA BOLSA DE 500 ML. REUTILIZABLE CON PERA INSUFLADORA, VALVULA Y CONTROL DE PRESION EN ENVASE INDIVIDUAL RESISTENTE CON SELLO QUE ASEGURE INVIOLABILIDAD DEL CONTENIDO",apurador reusable 500 ml ,"acelerador de infusion para sangre para bolsa de 500 ml. reutilizable con pera insufladora, valvula y control de presion en envase individual resistente con sello que asegure inviolabilidad del contenido apurador reusable 500 ml ",0
BAJADA DE SUERO HOTLINE EQUIPO CALENTADOR DE SANGRE,bajada de suero y angre Hotline,bajada de suero hotline equipo calentador de sangre bajada de suero y angre hotline,0
EQUIPO ADMINISTRACION SANGRE ADULTO (REF: NIPRO),BAJADA DE SANGRE ADULTO T-5 SWIRL LOCK,equipo administracion sangre adulto (ref: nipro) bajada de sangre adulto t-5 swirl lock,0
CONO OBTURACION COMBI ROJO,"GCH040203: TAPA ROJA ,  ESTERIL OXIDO ETILENO.  CAJA X 100 UNIDADES, VALOR X UNIDAD, MARCA GREATCARE, PROCEDENCIA CHINA, CERTIFICACIONES CERTIFICADO ISO 13485:2016. CE. LIBRE VENTA. LIBRE LATEX, VENCIMIENTO 01.05.2025","cono obturacion combi rojo gch040203: tapa roja ,  esteril oxido etileno.  caja x 100 unidades, valor x unidad, marca greatcare, procedencia china, certificaciones certificado iso 13485:2016. ce. libre venta. libre latex, vencimiento 01.05.2025",0
ALARGADOR VENOSO 4 VIAS PUNTA LUER LOCK MACHO HEMBRA DE 15 CM ,ALARGADOR VENOSO  4 VIAS 015 ,alargador venoso 4 vias punta luer lock macho hembra de 15 cm  alargador venoso  4 vias 015 ,0
ALARGADOR VENOSO CON CONECTOR LUER LOCK MACHO-HEMBRA 30 CM.,ALARGADOR VENOSO  M/H  030,alargador venoso con conector luer lock macho-hembra 30 cm. alargador venoso  m/h  030,0
ALARGADOR VENOSO CON CONECTOR LUER LOCK MACHO-HEMBRA 75 CM. ,ALARGADOR VENOSO  M/H  075,alargador venoso con conector luer lock macho-hembra 75 cm.  alargador venoso  m/h  075,0
"ALARGADOR VENOSO CON CONECTOR LUER LOCK MACHO-HEMBRA 75 CM. VOLUMEN 0,5 CC A 1 CC DE LUMEN DE CEBADO",ALARGADOR MINILINE  M/H 075,"alargador venoso con conector luer lock macho-hembra 75 cm. volumen 0,5 cc a 1 cc de lumen de cebado alargador miniline  m/h 075",0
ALARGADOR VENOSO MICROLINE 150 CMS.,ALARGADOR MICROLINE M/H 150,alargador venoso microline 150 cms. alargador microline m/h 150,0
TAPA OBTURACION CON GOMA PARA PUNCION (AMARILLA),TAPA AMARILLA,tapa obturacion con goma para puncion (amarilla) tapa amarilla,0
ASA DE ACERO INOXIDABLE PARA AMIGDALOTOMO DE 0.4 MM. REFERENCIA OM758R,"ASA ALAMBRE D:0,4MM","asa de acero inoxidable para amigdalotomo de 0.4 mm. referencia om758r asa alambre d:0,4mm",0
"SET CANULA EPIDURAL 16 G (CANULA, CATETER Y FILTRO)( PERIFIX BRAUN) REF 4517309",PERIFIX 730 (16G),"set canula epidural 16 g (canula, cateter y filtro)( perifix braun) ref 4517309 perifix 730 (16g)",0
"TROCAR CATETER 10 FR./ CH(3,3 MM.) X 9"" (23 CM) (REF ARGYLE)",trocar cateter 10 fr,"trocar cateter 10 fr./ ch(3,3 mm.) x 9"" (23 cm) (ref argyle) trocar cateter 10 fr",0
"TROCAR CATETER 12 FR./ CH(4,0 MM.) X 9"" (23 CM) (REF ARGYLE)",trocar cateter 12 fr,"trocar cateter 12 fr./ ch(4,0 mm.) x 9"" (23 cm) (ref argyle) trocar cateter 12 fr",0
"TROCAR CATETER 16 FR./ CH(5,3 MM.) X 9-8/10"" (25 CM) (REF ARGYLE)",trocar cateter 16 fr,"trocar cateter 16 fr./ ch(5,3 mm.) x 9-8/10"" (25 cm) (ref argyle) trocar cateter 16 fr",0
"TROCAR CATETER TORAXICO 24 FR. (8.0 MM) X 15- 3/4"" (40 CM) (ARGYLE COVIDIEN REF. 8888561050)",trocar cateter 24 fr punta abierta,"trocar cateter toraxico 24 fr. (8.0 mm) x 15- 3/4"" (40 cm) (argyle covidien ref. 8888561050) trocar cateter 24 fr punta abierta",0
TROCAR CATETER TORAXICO 28 FR. (8 MM. X 40 CMS.),trocar cateter 28 fr punta abierta,trocar cateter toraxico 28 fr. (8 mm. x 40 cms.) trocar cateter 28 fr punta abierta,0
TROCAR DE OSTEOCLISIS N°14 DESECHABLE    ,Trocar osteoclisis 14 G 3 cm,trocar de osteoclisis n°14 desechable     trocar osteoclisis 14 g 3 cm,0
TROCAR DE OSTEOCLISIS N°18 DESECHABLE    ,Trocar osteoclisis 18 G 3 cm,trocar de osteoclisis n°18 desechable     trocar osteoclisis 18 g 3 cm,0
TROCAR CON DILATADOR Y REDUCTOR DE 10/15 MM.DESECHABLE         ,TROCAR OPTICO - CANULA ESTRIADA Y TRANSPARENTE - REDUCTOR DE 10-15MM - LARGO 100 MM,trocar con dilatador y reductor de 10/15 mm.desechable          trocar optico - canula estriada y transparente - reductor de 10-15mm - largo 100 mm,0
TROCAR DE 5 MM. (DESECHABLE),TROCAR 5 MM  DESECHABLE - CANULA TRASNPARENTE Y ESTRIADA - LARGO 100 MM,trocar de 5 mm. (desechable) trocar 5 mm  desechable - canula trasnparente y estriada - largo 100 mm,0
"TROCAR PARA CIRUGIA DE TORAX 5,5 MM.(REF. 179305) ","TROCAR TORACICO 5,5 MM - CANULA ESTRIADA - ","trocar para cirugia de torax 5,5 mm.(ref. 179305)  trocar toracico 5,5 mm - canula estriada - ",0
TROCAR DESECHABLE G-19 90 MM.(PUNCION BISEL) ESPINALES,TROCAR DESECHABLE 19 G X 90 MM,trocar desechable g-19 90 mm.(puncion bisel) espinales trocar desechable 19 g x 90 mm,0
TROCAR DESECHABLE G-20 90 MM.(PUNCION BISEL) ESPINALES,TROCAR DESECHABLE 20 G X 90 MM,trocar desechable g-20 90 mm.(puncion bisel) espinales trocar desechable 20 g x 90 mm,0
TROCAR DESECHABLE G-21 90 MM.(PUNCION BISEL) ESPINALES,TROCAR DESECHABLE 21 G X 90 MM,trocar desechable g-21 90 mm.(puncion bisel) espinales trocar desechable 21 g x 90 mm,0
TROCAR ESPINAL DESECHABLE G-22 X 90 MM.,TROCAR DESECHABLE 22 G X 90 MM,trocar espinal desechable g-22 x 90 mm. trocar desechable 22 g x 90 mm,0
"TROCAR CATETER 8 FR./ CH(2,7 MM.) X 9"" (23 CM) (REF ARGYLE)",TROCAR TORAXICO 8 FR.,"trocar cateter 8 fr./ ch(2,7 mm.) x 9"" (23 cm) (ref argyle) trocar toraxico 8 fr.",0
TROCAR TUOHY 16 G 90 MM.LARGO DESECHABLE,"TREP1690: TROCAR TOUHY  EPIDURAL 16G X 90mm. CÁNULA DE ACERO INOXIDABLE, CUBO DE POLICARBONATO, ESTILETE DE ACERO.  ESTERIL OXIDO ETILENO. VENTA MINIMA CAJA X 50 UNIDADES, VALOR X UNIDAD, MARCA PHOENIX, PROCEDENCIA JAPON, CERTIFICACIONES ISO 13485:2016 . FDA . LIBRE DE LATEX . LIBRE DE DEHP, VENCIMIENTO 01.03.2024","trocar tuohy 16 g 90 mm.largo desechable trep1690: trocar touhy  epidural 16g x 90mm. cánula de acero inoxidable, cubo de policarbonato, estilete de acero.  esteril oxido etileno. venta minima caja x 50 unidades, valor x unidad, marca phoenix, procedencia japon, certificaciones iso 13485:2016 . fda . libre de latex . libre de dehp, vencimiento 01.03.2024",0
ASAS SIMILAR RADIUS 1.0 CM.X 1.0 CM. (REFERENCIA S1010) COMPATIBLE CON EQUIPO COOPERSURGICAL,ELECTRODO ASA LOOP 10X10,asas similar radius 1.0 cm.x 1.0 cm. (referencia s1010) compatible con equipo coopersurgical electrodo asa loop 10x10,0
ASAS SIMILAR RADIUS 2.0 CM.X 1.0 CM. (REFERENCIA R2010) COMPATIBLE CON EQUIPO COOPERSURGICAL,ELECTRODO ASA LOOP 20X10,asas similar radius 2.0 cm.x 1.0 cm. (referencia r2010) compatible con equipo coopersurgical electrodo asa loop 20x10,0
"TROCAR BIOPSIA  DE MEDULA OSEA 11GA X 4"" DES."," PARAGON Medida 11G x 10cm  de acero inoxidable  desechable, sin necesidad de luxación ósea.Permite realizar biopsia y aspiración de médula ósea con una sola maniobra. Presenta un retenedor de muestra en dos pasos. Marca Sterylab, procedencia Italia.Empaque unitario estéril. Despacho incluido y dentro de 48 Hrs de recepción de OC.    ","trocar biopsia  de medula osea 11ga x 4"" des.  paragon medida 11g x 10cm  de acero inoxidable  desechable, sin necesidad de luxación ósea.permite realizar biopsia y aspiración de médula ósea con una sola maniobra. presenta un retenedor de muestra en dos pasos. marca sterylab, procedencia italia.empaque unitario estéril. despacho incluido y dentro de 48 hrs de recepción de oc.    ",0
"ACEITE DE ACIDOS GRASOS HIPEROXIGENADOS( REF CORPITOL URGO, LINO VERA BRAUN)",Acido graso c/aloe vera+cent. asiática p/preven./tto. de úlceras grado I,"aceite de acidos grasos hiperoxigenados( ref corpitol urgo, lino vera braun) acido graso c/aloe vera+cent. asiática p/preven./tto. de úlceras grado i",0
BOLSA DRENABLE DE 2 PIEZAS 60 MM CON FILTRO PARA OSTOMIA (REF PROXIMA 2 BRAUN),"Bolsa p/colostomía e Ileostomía, doble sistema","bolsa drenable de 2 piezas 60 mm con filtro para ostomia (ref proxima 2 braun) bolsa p/colostomía e ileostomía, doble sistema",0
BOLSA DRENABLE DE 2 PIEZAS 80 MM CON FILTRO PARA OSTOMIA (REF PROXIMA 2 BRAUN),"Bolsa p/colostomía e Ileostomía, doble sistema","bolsa drenable de 2 piezas 80 mm con filtro para ostomia (ref proxima 2 braun) bolsa p/colostomía e ileostomía, doble sistema",0
PLACA COLOSTOMIA 60 MM. (REF PROXIMA 2 BRAUN),"Placa p/ bolsas de colostomía/ileostomía/urostomía, doble sist. ","placa colostomia 60 mm. (ref proxima 2 braun) placa p/ bolsas de colostomía/ileostomía/urostomía, doble sist. ",0
PLACA COLOSTOMIA 80 MM(REF PROXIMA 2 BRAUN),"Placa p/ bolsas de colostomía/ileostomía/urostomía, doble sist. ","placa colostomia 80 mm(ref proxima 2 braun) placa p/ bolsas de colostomía/ileostomía/urostomía, doble sist. ",0
PLACA UROSTOMIA 45 MM (REF NATURA),"Placa p/ bolsas de colostomía/ileostomía/urostomía, doble sist. ","placa urostomia 45 mm (ref natura) placa p/ bolsas de colostomía/ileostomía/urostomía, doble sist. ",0
SOLUCIÓN DE POLIHEXANIDA CON BETAINA 350 ML (PRONTOSAN BRAUN),Solución de limpieza y descontaminación de heridas,solución de polihexanida con betaina 350 ml (prontosan braun) solución de limpieza y descontaminación de heridas,0
SOLUCION GEL DE BETAINA CON POLIHEXANIDA WOUND GEL X 250 G (PRONTOSAN BRAUN),Solución de limpieza y descontaminación de heridas,solucion gel de betaina con polihexanida wound gel x 250 g (prontosan braun) solución de limpieza y descontaminación de heridas,0
SOLUCION GEL DE BETAINA CON POLIHEXANIDA WOUND GEL X 30 G(PRONTOSAN BRAUN),Solución de limpieza y descontaminación de heridas,solucion gel de betaina con polihexanida wound gel x 30 g(prontosan braun) solución de limpieza y descontaminación de heridas,0
CLIP PARA BOLSA DE COLOSTOMIA B-BRAUN,PINZA DE COLOSTOMÍA RIGIDA,clip para bolsa de colostomia b-braun pinza de colostomía rigida,0
ELIMINADOR DE ADHESIVO MEDICO  EN SPRAY 60 ML ,Removedor Adhesivo,eliminador de adhesivo medico  en spray 60 ml  removedor adhesivo,0
PASTA PARA OSTOMIAS 60 GRS,"PASTA DE HIDROCOLOIDE, MOLDEABLE","pasta para ostomias 60 grs pasta de hidrocoloide, moldeable",0
GASA ESTERIL CON VASELINA SOLIDA 10 X 10 CM.(PARAFINADA) EN ENVASE INDIVIDUAL ESTERIL EN SOBRE UNITARIO,CUTICELL CLASSIC 10 x 10Cm - Caja x 100 Sobres,gasa esteril con vaselina solida 10 x 10 cm.(parafinada) en envase individual esteril en sobre unitario cuticell classic 10 x 10cm - caja x 100 sobres,0
YESO PLASTICO 10 CM. APROX.,DELTA CAST CONFORMABLE 10Cm x 3.6M - Caja x 10 Verde ,yeso plastico 10 cm. aprox. delta cast conformable 10cm x 3.6m - caja x 10 verde ,0
YESO PLASTICO 5 CM. APROX.,DELTA CAST CONFORMABLE 5Cm x 3.6M - Caja x 10 Azul ,yeso plastico 5 cm. aprox. delta cast conformable 5cm x 3.6m - caja x 10 azul ,0
TEJIDO TUBULAR 8 CM. ANCHO,tejido tubular 100% algodón rollo 8 cms x 25 mts,tejido tubular 8 cm. ancho tejido tubular 100% algodón rollo 8 cms x 25 mts,0
PELICULA PROTECTORA OPSITE 100 ML. SPRAY,Opsite Spray 100ml Ctn 12,pelicula protectora opsite 100 ml. spray opsite spray 100ml ctn 12,0
PELICULA BARRERA NO IRRITANTE EN SPRAY 25 A 50 ML   (REF. CAVILON) ,"Película Protectora Sin Alcohol, Spray 28ml.","pelicula barrera no irritante en spray 25 a 50 ml   (ref. cavilon)  película protectora sin alcohol, spray 28ml.",0
"TELA ADHESIVA DE PAPEL 2,5 CM. X 9,1 METROS (COLOR PIEL) (MICROPORE)","Micropore (sin Dispensador) 2,5 cm x 9,1 m Piel","tela adhesiva de papel 2,5 cm. x 9,1 metros (color piel) (micropore) micropore (sin dispensador) 2,5 cm x 9,1 m piel",0
"TELA ADHESIVA PLASTICA TRANSPARENTE 5 CM.X  9,1 M (TRANSPORE)"," TRANSPORE 5 cm x 9,1 mts., Color Blanca","tela adhesiva plastica transparente 5 cm.x  9,1 m (transpore)  transpore 5 cm x 9,1 mts., color blanca",0
"TELA ADHESIVA TELA DE SEDA 2,5 CM.X 9.1 MT (DURAPORE)","Seda DURAPORE 2,5 cm x 9,1 mts. ","tela adhesiva tela de seda 2,5 cm.x 9.1 mt (durapore) seda durapore 2,5 cm x 9,1 mts. ",0
TELA ADHESIVA TELA DE SEDA 5 CM.X 9.1 MT (DURAPORE),"Seda DURAPORE 5 cm x 9,1 mts.","tela adhesiva tela de seda 5 cm.x 9.1 mt (durapore) seda durapore 5 cm x 9,1 mts.",0
"PARCHE CURITA REDONDO IMPERMEABLE, HIPOALERGENCIA PARA VENOPUNCIONES (BOLSAS X 100) ENVASE INDIVIDUAL ESTERIL",PARCHE REDONDO 22 MM ESTERIL COLOR PIEL HIPOALERGENICO  PARA PUNCION,"parche curita redondo impermeable, hipoalergencia para venopunciones (bolsas x 100) envase individual esteril parche redondo 22 mm esteril color piel hipoalergenico  para puncion",0
TEJIDO TUBULAR 3 CM. ANCHO,TEJIDO TUBULAR3CMS ANCHO POSICION DE DESCANSO X 25 MTS,tejido tubular 3 cm. ancho tejido tubular3cms ancho posicion de descanso x 25 mts,0
"BOLSA DRENABLE DE UNA PIEZA PARA OSTOMIA 50 MM ( LITTLE ONES CONVATEC, REF. 020922)",active life,"bolsa drenable de una pieza para ostomia 50 mm ( little ones convatec, ref. 020922) active life",0
GASA PARAFINADA ESTERIL (VASELINA) TIRA 10 CM. X 7 MT. (SIMILAR JELONET),jelonet,gasa parafinada esteril (vaselina) tira 10 cm. x 7 mt. (similar jelonet) jelonet,0
GEL HIDROGEL 85 GRS.,safgel 85gr,gel hidrogel 85 grs. safgel 85gr,0
"TELA ADHESIVA DE PAPEL 1,3 CM. X 9.1 METROS (COLOR PIEL) (MICROPORE)",tela micropore,"tela adhesiva de papel 1,3 cm. x 9.1 metros (color piel) (micropore) tela micropore",0
BOLSA DRENABLE DE UNA PIEZA PARA OSTOMIA 64 MM (REF ACTIVE LIFE CONVATEC),ACTIVE LIFE®  ALTERNATIVA 19-64mm,bolsa drenable de una pieza para ostomia 64 mm (ref active life convatec) active life®  alternativa 19-64mm,0
GEL HIDROACTIVO ESTERIL HIDROCOLOIDE TB X 30 GRS.,DUODERM GEL® 30gr,gel hidroactivo esteril hidrocoloide tb x 30 grs. duoderm gel® 30gr,0
TEJIDO TUBULAR 10 CM. ANCHO,TEJIDO TUBULAR 10 CM. ANCHO,tejido tubular 10 cm. ancho tejido tubular 10 cm. ancho,0
TEJIDO TUBULAR 15 CM. ANCHO,TEJIDO TUBULAR 15 CM. ANCHO,tejido tubular 15 cm. ancho tejido tubular 15 cm. ancho,0
TEJIDO TUBULAR 20 CM. ANCHO,TEJIDO TUBULAR 20 CM. ANCHO,tejido tubular 20 cm. ancho tejido tubular 20 cm. ancho,0
TEJIDO TUBULAR 5 CM. ANCHO,TEJIDO TUBULAR 5 CM. ANCHO,tejido tubular 5 cm. ancho tejido tubular 5 cm. ancho,0
"TELA ADHESIVA DE PAPEL 5 CM. X 9,1 M  (MICROPORE)","TELA ADHESIVA DE PAPEL 5 CM. X 9,1 M  (MICROPORE)","tela adhesiva de papel 5 cm. x 9,1 m  (micropore) tela adhesiva de papel 5 cm. x 9,1 m  (micropore)",0
"KIT CURACION DESECHABLE BASICO (BANDEJA CURACION, PINZA ANATOMICA, PINZA QUIRURGICA, TIJERA, PAÑO CAMPO 45 X 45 APROX., 3 TORULAS GASA, 1 APOSITO 10 X 10 APROX, COPELA)","KIT200: KIT CURACION GENERAL, CONTIENE: 1 BANDEJA PLASTICA BLANCA DE 15 X 9 CM CON DIVISIÓN, 1 PINZA DE PRESICION DESECHABLE DE 5 PULGADAS, 1 PINZA QUIRURGICA 5 PULGADAS, 1 TIJERA
QUIRURGICA, 1 REGLA DE PAPEL DE 30 CM, 1 CAMPO DE SMS DE 40 X 40 CM, 3
TORULAS DE GASA NO TEJIDA DE 3 CM, 3 COMPRESAS DE GASA NO TEJIDA DE 7,5 X
7,5 CM. EN ENVASE MIXTO, ESTERIL, OXIDO ETILENO, ENVASE MIXTO, UD, MARCA PRIMUS PACK, PROCEDENCIA CHILE, CERTIFICACIONES ISO 9001:2015, VENCIMIENTO 07.07.2026","kit curacion desechable basico (bandeja curacion, pinza anatomica, pinza quirurgica, tijera, paño campo 45 x 45 aprox., 3 torulas gasa, 1 aposito 10 x 10 aprox, copela) kit200: kit curacion general, contiene: 1 bandeja plastica blanca de 15 x 9 cm con división, 1 pinza de presicion desechable de 5 pulgadas, 1 pinza quirurgica 5 pulgadas, 1 tijera
quirurgica, 1 regla de papel de 30 cm, 1 campo de sms de 40 x 40 cm, 3
torulas de gasa no tejida de 3 cm, 3 compresas de gasa no tejida de 7,5 x
7,5 cm. en envase mixto, esteril, oxido etileno, envase mixto, ud, marca primus pack, procedencia chile, certificaciones iso 9001:2015, vencimiento 07.07.2026",0
"ALGINATO MECHAS, ENVASE INDIVIDUAL  30 CM APROX. ( TEGADERM ALGINATO 3M, REF. 90120)",ALGINATO MECHA ,"alginato mechas, envase individual  30 cm aprox. ( tegaderm alginato 3m, ref. 90120) alginato mecha ",0
GASA PARAFINADA ESTERIL (VASELINA) TIRA 10 CM. X 7 MT. (SIMILAR JELONET),GASA PARAFINADA 10X 10 ,gasa parafinada esteril (vaselina) tira 10 cm. x 7 mt. (similar jelonet) gasa parafinada 10x 10 ,0
"CINTA DE ESPUMA DISTENDIBLE HIPOALERGENICA 5 CM X 5 M, INDICADA PARA APLICAR COMPRENSIÓN (MICROFOAM 3M REF. 1528-2)",TELA MICROFOAM 5CM X 5MT. 1528-2 (6),"cinta de espuma distendible hipoalergenica 5 cm x 5 m, indicada para aplicar comprensión (microfoam 3m ref. 1528-2) tela microfoam 5cm x 5mt. 1528-2 (6)",0
"TELA ADHESIVA DE PAPEL 2,5 CM. X 9,1 M (MICROPORE)",3M TELA MICR.2.5CMX9.1M.C/D R.1535-1(12),"tela adhesiva de papel 2,5 cm. x 9,1 m (micropore) 3m tela micr.2.5cmx9.1m.c/d r.1535-1(12)",0
"TELA ADHESIVA PLASTICA TRANSPARENTE 1,3 CM.X  9,1 M (TRANSPORE)",TELA TRANSPORE 1.3CMX9.1 MTS 1527-0 (24),"tela adhesiva plastica transparente 1,3 cm.x  9,1 m (transpore) tela transpore 1.3cmx9.1 mts 1527-0 (24)",0
"TELA ADHESIVA PLASTICA TRANSPARENTE 2,5 CM.X  9,1 M (TRANSPORE)",3M TELA TRANSPORE 2.5CMX9.1MT 1527-1(12),"tela adhesiva plastica transparente 2,5 cm.x  9,1 m (transpore) 3m tela transpore 2.5cmx9.1mt 1527-1(12)",0
GEL HIDROGEL 15 GRS.,TEGADERM HIDROGEL 15 GR 91110,gel hidrogel 15 grs. tegaderm hidrogel 15 gr 91110,0
APOSITO ABSORBENTE DE FIBRAS POLIABSORBENTES Y MATRIZ LIPIDOCOLOIDEMICROADHERENTE CON PLATA,Exufiber Ag 10x10,aposito absorbente de fibras poliabsorbentes y matriz lipidocoloidemicroadherente con plata exufiber ag 10x10,0
APOSITO TRANSPARENTE ADHESIVO 10 X 25 CM. SIMILAR A TEGADERM,aposito adhesivo transparente 10 x 25 cms,aposito transparente adhesivo 10 x 25 cm. similar a tegaderm aposito adhesivo transparente 10 x 25 cms,0
APOSITO TRANSPARENTE ADHESIVO 15 X 20 CM. SIMILAR A TEGADERM,aposito adhesivo transparente 10 x 20 cms,aposito transparente adhesivo 15 x 20 cm. similar a tegaderm aposito adhesivo transparente 10 x 20 cms,0
"APOSITO ABSORBENTE DE PLATA CON  HIDROFIBRA  5 X 5 CM ( AQUACEL AG CONVATEC, REF. 403706)",AQUACEL AG+®EXTRA 5x5cm (est),"aposito absorbente de plata con  hidrofibra  5 x 5 cm ( aquacel ag convatec, ref. 403706) aquacel ag+®extra 5x5cm (est)",0
APOSITO CURATIVO BACTERIANO 7*9 CMS.,AQUACEL AG+®EXTRA 5x5cm (est),aposito curativo bacteriano 7*9 cms. aquacel ag+®extra 5x5cm (est),0
APOSITO ESTERIL DE HIDROFIBRA 100% CARBOXILMETILCELULOSA CON TECNOLOGIA HIDROFIBER 10X10 CM. (REF. AQUACEL),AQUACEL EXTRA® 10x10cm (est),aposito esteril de hidrofibra 100% carboxilmetilcelulosa con tecnologia hidrofiber 10x10 cm. (ref. aquacel) aquacel extra® 10x10cm (est),0
APOSITO ESTERIL DE HIDROFIBRA 100% CARBOXILMETILCELULOSA CON TECNOLOGÍA HIDROFIBER 5X5 CM. (REF. AQUACEL),AQUACEL EXTRA 5X5CM (est),aposito esteril de hidrofibra 100% carboxilmetilcelulosa con tecnología hidrofiber 5x5 cm. (ref. aquacel) aquacel extra 5x5cm (est),0
"APOSITO ESTERIL DE HIDROFIBRA 100% CARBOXILMETILCELULOSA MAS PLATA, MECHA DE 2 x 45 CM. CJ X 5 (REF. AQUACEL AG)",AQUACEL AG+®EXTRA Mecha 2x45 (est),"aposito esteril de hidrofibra 100% carboxilmetilcelulosa mas plata, mecha de 2 x 45 cm. cj x 5 (ref. aquacel ag) aquacel ag+®extra mecha 2x45 (est)",0
APOSITO CON PLATA NANOCRISTALINA 10 X 10 CM.,PHARMAPAD SILVER 10CM X 10CM,aposito con plata nanocristalina 10 x 10 cm. pharmapad silver 10cm x 10cm,0
APOSITO DE ALGINATO DE CALCIO + PLATA 10*10 CMS.,PHARMA ALGI SILVER 10CM X 10CM,aposito de alginato de calcio + plata 10*10 cms. pharma algi silver 10cm x 10cm,0
"APOSITO DE CARBON ACTIVADO CON  PLATA DE 7,5 X 10 CMS.","PHARMAPAD CARBON+SILVER 7,5CM X 10 CM","aposito de carbon activado con  plata de 7,5 x 10 cms. pharmapad carbon+silver 7,5cm x 10 cm",0
APOSITO ESPUMA HIDROFILICA FOAM ADHESIVO 10X20 CM.,APOSITO ESPUMA HIDROFILICA FOAM ADHESIVO 10X20 CM.,aposito espuma hidrofilica foam adhesivo 10x20 cm. aposito espuma hidrofilica foam adhesivo 10x20 cm.,0
"APOSITO TRANSPARENTE DE CLORHEXIDINA 7 X  8,5 CM. ","APOSITO TRANSPARENTE DE CLORHEXIDINA 7 X  8,5 CM.","aposito transparente de clorhexidina 7 x  8,5 cm.  aposito transparente de clorhexidina 7 x  8,5 cm.",0
APOSITO TRANSPARENTE FIJACIÓN VIAS PERIFERICAS ADULTO,APOSITO TRANSPARENTE FIJACIÓN VIAS PERIFERICAS ADULTO,aposito transparente fijación vias perifericas adulto aposito transparente fijación vias perifericas adulto,0
"APOSITO TRANSPARENTE NO ADHESIVO Y POROSO ROLLO DE 97,5 CM.X 22,75 MTS. APROX. REF. TELFA CLEAR O EQUIVALENTE",TELFA EN ROLLO 99 CM X 22.86 MT,"aposito transparente no adhesivo y poroso rollo de 97,5 cm.x 22,75 mts. aprox. ref. telfa clear o equivalente telfa en rollo 99 cm x 22.86 mt",0
APOSITO CURATIVO BACTERIANO 10*10 CMS.,APOSITO CON PLATA 10X10,aposito curativo bacteriano 10*10 cms. aposito con plata 10x10,0
"APOSITO DE CARBON ACTIVADO CON PLATA DE 10.5 X 10,5 CM.(REF ACTISORB PLUS)",APOSITO DE CARBON ACTIVADO MAS PLATA,"aposito de carbon activado con plata de 10.5 x 10,5 cm.(ref actisorb plus) aposito de carbon activado mas plata",0
"APOSITO DE CARBON ACTIVADO CON PLATA DE 6,5 X 9,5 CM.(REF ACTISORB PLUS)",APOSITO DE CARBON ACTIVADO MAS PLATA,"aposito de carbon activado con plata de 6,5 x 9,5 cm.(ref actisorb plus) aposito de carbon activado mas plata",0
APOSITO ESPUMA HIDROFILICA 10*10 CMS.,APOSITO DE ESPUMA HIDROFILICA,aposito espuma hidrofilica 10*10 cms. aposito de espuma hidrofilica,0
APOSITO HIDROCOLOIDE  10*10 CMS.,HIDROCOLOIDE 10X10,aposito hidrocoloide  10*10 cms. hidrocoloide 10x10,0
"APOSITO AVANZADO DE COLAGENO CON PLATA, EN ENVASE INDIVIDUAL ESTERIL 10 X 10 CM",Matriz de colageno que sirve como estructura para promover el crecimiento nativo del colageno. El EDTA que contiene el aposito inhibe la actividad de las metaloproteasas. CMC que contiene el aposito mantiene un ambiente humedo en la superficie de la herida. el cloruro de plata  que contienen el aposito actua como agente antimicrobiano.,"aposito avanzado de colageno con plata, en envase individual esteril 10 x 10 cm matriz de colageno que sirve como estructura para promover el crecimiento nativo del colageno. el edta que contiene el aposito inhibe la actividad de las metaloproteasas. cmc que contiene el aposito mantiene un ambiente humedo en la superficie de la herida. el cloruro de plata  que contienen el aposito actua como agente antimicrobiano.",0
APOSITO AVANZADO DE COLAGENO EN ENVASE INDIVIDUAL ESTERIL 10 X 10 CM,"- FACILITA LA CICATRIZACIÓN NATURAL DE HERIDAS: Ácido etilendia_x0002_mintetracético (EDTA, por sus siglas en Inglés) y colágeno en ColActi_x0002_ve® Plus se enfocan en desactivar la actividad elevada de metalopro_x0002_teinasas (MMP, por sus siglas en inglés) de la matriz*","aposito avanzado de colageno en envase individual esteril 10 x 10 cm - facilita la cicatrización natural de heridas: ácido etilendia_x0002_mintetracético (edta, por sus siglas en inglés) y colágeno en colacti_x0002_ve® plus se enfocan en desactivar la actividad elevada de metalopro_x0002_teinasas (mmp, por sus siglas en inglés) de la matriz*",0
APOSITO Transparente con Pad  8 X 10 cm (REF TEGADERM + PAD),LEUKOMED T PLUS  8 x 10Cm - Caja x  50 Hosp. - Aposito transparente esteril con pad absorbente no adherente. - Cod : 72382/001 - Unidad de Medida : Por 50 - Marca : Bsn Medical - Procedencia : Alemania - Vigencia de Productos : 2 a 3 Años ,aposito transparente con pad  8 x 10 cm (ref tegaderm + pad) leukomed t plus  8 x 10cm - caja x  50 hosp. - aposito transparente esteril con pad absorbente no adherente. - cod : 72382/001 - unidad de medida : por 50 - marca : bsn medical - procedencia : alemania - vigencia de productos : 2 a 3 años ,0
APOSITO MOLTOPREN 10*10 ESTERIL,"APOSITO MOLTOPREN 10X10X 0.5 CMS, ESTERIL","aposito moltopren 10*10 esteril aposito moltopren 10x10x 0.5 cms, esteril",0
APOSITO MOLTOPREN 20*20 ESTERIL,"APOSITO MOLTOPREN 20X20 X0.5 CMS, ESTERIL","aposito moltopren 20*20 esteril aposito moltopren 20x20 x0.5 cms, esteril",0
APOSITO ESPUMA MICROADHERENTE CON TLC - NOSF10 X 10 (URGOSTART),URGOSTART 10 x 10 cm CAJA X 10 UNIDADES Espuma hidrofílica absorbente microadherente de poliuretano inhibidora de metaloproteasas con tecnología TLC-NOSF,aposito espuma microadherente con tlc - nosf10 x 10 (urgostart) urgostart 10 x 10 cm caja x 10 unidades espuma hidrofílica absorbente microadherente de poliuretano inhibidora de metaloproteasas con tecnología tlc-nosf,0
APOSITO URGOTUL PLATA 10X12CM UND,URGOTUL AG 10 x 12cm CAJA X 16 UNIDADES Tul estéril de poliéster no adherente y no oclusivo recubierto de una matriz lípidocoloide con plata (TLC-Ag),aposito urgotul plata 10x12cm und urgotul ag 10 x 12cm caja x 16 unidades tul estéril de poliéster no adherente y no oclusivo recubierto de una matriz lípidocoloide con plata (tlc-ag),0
APOSITO DE ALTA ABSORCION 10*10 CMS. (REF SUPERABSORBER TEGADERM),TEGADERM SUPERABSORBENTE 10X10CM.(90701),aposito de alta absorcion 10*10 cms. (ref superabsorber tegaderm) tegaderm superabsorbente 10x10cm.(90701),0
APOSITO TRANSPARENTE FIJACIÓN VIAS PERIFERICAS NEONATAL,"TEGADERM IV AVANZADO NEO 3,8X4,5CM 1680","aposito transparente fijación vias perifericas neonatal tegaderm iv avanzado neo 3,8x4,5cm 1680",0
APOSITO TRANSPARENTE FIJACIÓN VIAS PERIFERICAS PEDIATRICO,"TEGADERM IV AVANZADO PED 5X5,7 CM 1682","aposito transparente fijación vias perifericas pediatrico tegaderm iv avanzado ped 5x5,7 cm 1682",0
"CANULA MAYO GUEDEL LIBRE DE LATEX Nº2 TRANSPARENTE, ENVASE INDIVIDUAL ESTERIL.",SKU700312 CÁNULA MAYO GUEDEL N° 2 (80MM). MARCA BIOMEDIKA. PROCEDENCIA CHINA. CAJA X 10 UNIDADES.,"canula mayo guedel libre de latex nº2 transparente, envase individual esteril. sku700312 cánula mayo guedel n° 2 (80mm). marca biomedika. procedencia china. caja x 10 unidades.",0
"CANULA MAYO GUEDEL LIBRE DE LATEX Nº3 TRANSPARENTE, ENVASE INDIVIDUAL ESTERIL.",SKU700313 CÁNULA MAYO GUEDEL N° 3 (90MM). MARCA BIOMEDIKA. PROCEDENCIA CHINA. CAJA X 10 UNIDADES.,"canula mayo guedel libre de latex nº3 transparente, envase individual esteril. sku700313 cánula mayo guedel n° 3 (90mm). marca biomedika. procedencia china. caja x 10 unidades.",0
CANULA MAYO GUEDEL LIBRE DE LATEX Nº4,SKU700319 CÁNULA MAYO GUEDEL N° 4 (100MM). MARCA BIOMEDIKA. PROCEDENCIA CHINA. CAJA X 10 UNIDADES.,canula mayo guedel libre de latex nº4 sku700319 cánula mayo guedel n° 4 (100mm). marca biomedika. procedencia china. caja x 10 unidades.,0
"CANULA MAYO GUEDEL N° 00 50 MM LARGO TRANSPARENTE, ENVASE INDIVIDUAL ESTERIL.",SKU700309 CÁNULA MAYO GUEDEL N° 00 (50MM). MARCA BIOMEDIKA. PROCEDENCIA CHINA. CAJA X 10 UNIDADES.,"canula mayo guedel n° 00 50 mm largo transparente, envase individual esteril. sku700309 cánula mayo guedel n° 00 (50mm). marca biomedika. procedencia china. caja x 10 unidades.",0
"CANULA MAYO GUEDEL N° 000, 40MM. TRANSPARENTE, ENVASE INDIVIDUAL ESTERIL.",SKU700308 CÁNULA MAYO GUEDEL N° 000 (40MM). MARCA BIOMEDIKA. PROCEDENCIA CHINA. CAJA X 10 UNIDADES.,"canula mayo guedel n° 000, 40mm. transparente, envase individual esteril. sku700308 cánula mayo guedel n° 000 (40mm). marca biomedika. procedencia china. caja x 10 unidades.",0
"CANULA MAYO GUEDEL N° 1 70 MM LARGO, TRANSPARENTE, ENVASE INDIVIDUAL ESTERIL.",SKU700311 CÁNULA MAYO GUEDEL N° 1 (70MM). MARCA BIOMEDIKA. PROCEDENCIA CHINA. CAJA X 10 UNIDADES.,"canula mayo guedel n° 1 70 mm largo, transparente, envase individual esteril. sku700311 cánula mayo guedel n° 1 (70mm). marca biomedika. procedencia china. caja x 10 unidades.",0
CANULA MAYO GUEDEL N° 2  80 MM LARGO APROXIMADO TRANSPARENTE ENVASE INDIVIDUAL ESTERIL RESISTENTE CON SELLO QUE ASEGURE INVIOLAB ILIDAD DEL CONTENIDO,SKU700312 CÁNULA MAYO GUEDEL N° 2 (80MM). MARCA BIOMEDIKA. PROCEDENCIA CHINA. CAJA X 10 UNIDADES.,canula mayo guedel n° 2  80 mm largo aproximado transparente envase individual esteril resistente con sello que asegure inviolab ilidad del contenido sku700312 cánula mayo guedel n° 2 (80mm). marca biomedika. procedencia china. caja x 10 unidades.,0
"CANULA MAYO GUEDEL N° 3  90 MM, TRANSPARENTE, ENVASE INDIVIDUAL ESTERIL.",SKU700313 CÁNULA MAYO GUEDEL N° 3 (90MM). MARCA BIOMEDIKA. PROCEDENCIA CHINA. CAJA X 10 UNIDADES.,"canula mayo guedel n° 3  90 mm, transparente, envase individual esteril. sku700313 cánula mayo guedel n° 3 (90mm). marca biomedika. procedencia china. caja x 10 unidades.",0
"CANULA MAYO GUEDEL N° 4  100 MM TRANSPARENTE, ENVASE INDIVIDUAL ESTERIL.",SKU700319 CÁNULA MAYO GUEDEL N° 4 (100MM). MARCA BIOMEDIKA. PROCEDENCIA CHINA. CAJA X 10 UNIDADES.,"canula mayo guedel n° 4  100 mm transparente, envase individual esteril. sku700319 cánula mayo guedel n° 4 (100mm). marca biomedika. procedencia china. caja x 10 unidades.",0
INTUBACION BRONQUIAL 39-FR.DERECHO  (RUSCH REF 116-200),SET MONOBRONQUIAL DERECHO DE 39 FR.,intubacion bronquial 39-fr.derecho  (rusch ref 116-200) set monobronquial derecho de 39 fr.,0
FILTRO HUMIDIFICADOR PARA TRAQUEOSTOMIA (REF COD. 353/19004),FILTR HME PARA TRAQUEOSTOMÍA TRAQUEOLIFE II,filtro humidificador para traqueostomia (ref cod. 353/19004) filtr hme para traqueostomía traqueolife ii,0
CANULA MAYO N° 5,CANULA MAYO N* 5 DE 120 MM,canula mayo n° 5 canula mayo n* 5 de 120 mm,0
"CANULA MAYO GUEDEL N° 0 60 MM, TRANSPARENTE, ENVASE INDIVIDUAL ESTERIL.","CANULA MAYO GUEDEL N° 0 60 MM, TRANSPARENTE, ENVASE INDIVIDUAL ESTERIL.","canula mayo guedel n° 0 60 mm, transparente, envase individual esteril. canula mayo guedel n° 0 60 mm, transparente, envase individual esteril.",0
SET SUCCION TRAQUEAL DESECHABLE (DAHLHAUSEN REF. 0709800000)EXTRACTOR DE MUESTRA SECRECION TRAQUEAL DESECHABLE  CULTIVO SECRECION BRONQUIAL,SET SUCCION TRAQUEAL DESECHABLE (DAHLHAUSEN REF. 0709800000)EXTRACTOR DE MUESTRA SECRECION TRAQUEAL DESECHABLE  CULTIVO SECRECION BRONQUIAL,set succion traqueal desechable (dahlhausen ref. 0709800000)extractor de muestra secrecion traqueal desechable  cultivo secrecion bronquial set succion traqueal desechable (dahlhausen ref. 0709800000)extractor de muestra secrecion traqueal desechable  cultivo secrecion bronquial,0
FILTRO HUMIDIFICADOR CON INTERCAMBIADOR DE CALOR- HUMEDAD REF 880530 ,"FILTRO HUMIDIFICADOR E INTERCAMBIADOR DE CALOR (HMEF). FABRICADO POR HAISHENG MEDICAL, HECHO EN CHINA. FILTRO HUMIDIFICADOR CONDENSADOR HIGROSCÓPICO TIPO HMEF. CON CAPACIDAD DE FILTRACIÓN VIRAL/BACTERIANA. BFE: 99,99%.; VFE: 99,99%. CON CONEXIONES UNIVERSALES. ESPACIO MUERTO 49 ML. PRODUCTO ESTERILIZADO POR OE. DESECHABLE, LIBRE DE LÁTEX. CERTIFICACIÓN CE, ISO, FDA. FICHA TÉCNICA INCLUIDA.","filtro humidificador con intercambiador de calor- humedad ref 880530  filtro humidificador e intercambiador de calor (hmef). fabricado por haisheng medical, hecho en china. filtro humidificador condensador higroscópico tipo hmef. con capacidad de filtración viral/bacteriana. bfe: 99,99%.; vfe: 99,99%. con conexiones universales. espacio muerto 49 ml. producto esterilizado por oe. desechable, libre de látex. certificación ce, iso, fda. ficha técnica incluida.",0
CANULA CPAP NEONATAL 6 FR. 100% SILICONA (REF 232-06 SILMAG),Productodiseñado para laadministración de mezcla de aire/oxígeno con presión positiva en pacientes neonatoscon respiraciones espontáneas,canula cpap neonatal 6 fr. 100% silicona (ref 232-06 silmag) productodiseñado para laadministración de mezcla de aire/oxígeno con presión positiva en pacientes neonatoscon respiraciones espontáneas,0
CANULA CPAP NEONATAL 8 FR. 100 % SILICONA (REF 232-08 SILMAG) ,Productodiseñado para laadministración de mezcla de aire/oxígeno con presión positiva en pacientes neonatoscon respiraciones espontáneas.,canula cpap neonatal 8 fr. 100 % silicona (ref 232-08 silmag)  productodiseñado para laadministración de mezcla de aire/oxígeno con presión positiva en pacientes neonatoscon respiraciones espontáneas.,0
NEBULIZADOR PLÁSTICO 10 CC (REFERENCIA NEB-0214),"NEBULIZADOR DESECHABLE. COMPONENTES LIBRE DE LÁTEX. MARCA: VIXONE. FABRICADO POR WESTMED, TUCSON, ARIZONA, USA.  NEBULIZADOR CAPACIDAD 10CC.  CERTIFICACIÓN: CE -  FDA.  FICHA TÉCNICA INCLUIDA.","nebulizador plástico 10 cc (referencia neb-0214) nebulizador desechable. componentes libre de látex. marca: vixone. fabricado por westmed, tucson, arizona, usa.  nebulizador capacidad 10cc.  certificación: ce -  fda.  ficha técnica incluida.",0
CONECTOR DE OXIGENO (NIPLE),NIPLE                                             ,conector de oxigeno (niple) niple                                             ,0
HUMIDIFICADOR DE OXIGENO DESECHABLE ,FRASCO HUMIDIFICADOR 6PSI                         ,humidificador de oxigeno desechable  frasco humidificador 6psi                         ,0
CONECTOR DE PUFF V.M ID 22MM X OD 22MM (REF. 1659),ADAPTADOR PARA INALACIÓN (PUFF),conector de puff v.m id 22mm x od 22mm (ref. 1659) adaptador para inalación (puff),0
ADAPTADOR EN T PARA NEBULIZACION MACHO HEMBRA 22MM.DE 18MM.DI X 22MM.DI (REF. 1639),ADAPTADOR PARA NEBULIZAR   ,adaptador en t para nebulizacion macho hembra 22mm.de 18mm.di x 22mm.di (ref. 1639) adaptador para nebulizar   ,0
ADAPTADOR PARA INHALADOR CONEXIONES 22MM ID X 22 MM OD . REF. 1659,ADAPTADOR PARA INALACIÓN (PUFF),adaptador para inhalador conexiones 22mm id x 22 mm od . ref. 1659 adaptador para inalación (puff),0
BOQUILLA PLASTICA REF HUDSON RCR ONCE CAT N° 1565,BOQUILLA ESTANDAR,boquilla plastica ref hudson rcr once cat n° 1565 boquilla estandar,0
NARICERA LUER LOOK ADULTO CON CONECCIÓN PARA EQUIPO,"621827:  CANULA NASAL-BIGOTERA-NARICERA DE OXIGENO ADULTO, PVC, UNIDAD BOLSA PLASTICA DESECHABLE CLINICAMENTE LIMPIO., MARCA KYOLING, PROCEDENCIA CHINA, CERTIFICACIONES CERTIFICADO ISO 13485:2016. CE. LIBRE VENTA. LIBRE LATEX, VENCIMIENTO 01.05.2024","naricera luer look adulto con conección para equipo 621827:  canula nasal-bigotera-naricera de oxigeno adulto, pvc, unidad bolsa plastica desechable clinicamente limpio., marca kyoling, procedencia china, certificaciones certificado iso 13485:2016. ce. libre venta. libre latex, vencimiento 01.05.2024",0
MASCARILLA ALTA CONCENTRACION ADULTO CON RESERVORIO,"413115: MASCARA OXIGENO ADULTO CON RESERVORIO ALTA CONCENTRACION PVC GRADO MEDICO, UNIDAD BOLSA CLINICAMENTE LIMPIO, MARCA KYOLING, PROCEDENCIA CHINA, CERTIFICACIONES CERTIFICADO ISO 13485:2016. CE. LIBRE VENTA. LIBRE LATEX, VENCIMIENTO 01.05.2024","mascarilla alta concentracion adulto con reservorio 413115: mascara oxigeno adulto con reservorio alta concentracion pvc grado medico, unidad bolsa clinicamente limpio, marca kyoling, procedencia china, certificaciones certificado iso 13485:2016. ce. libre venta. libre latex, vencimiento 01.05.2024",0
MASCARILLA ALTA CONCENTRACION PEDIATRICA CON RESERVORIO,"4131A7: MASCARA OXIGENO CON RESERVORIO PEDIATRICA ALTA CONCENTRACION, PVC GRADO MEDICO, CLINICAMENTE LIMPIO, MARCA KYOLING, PROCEDENCIA CHINA, CERTIFICACIONES CERTIFICADO ISO 13485:2016. CE. LIBRE VENTA. LIBRE LATEX, VENCIMIENTO 01.04.2024","mascarilla alta concentracion pediatrica con reservorio 4131a7: mascara oxigeno con reservorio pediatrica alta concentracion, pvc grado medico, clinicamente limpio, marca kyoling, procedencia china, certificaciones certificado iso 13485:2016. ce. libre venta. libre latex, vencimiento 01.04.2024",0
MASCARILLA ORONASAL CON ARNES PARA BIPAP,"MASCARA ORONASAL CON PUERTO EXHALATORIO,INCLUYE ARNES","mascarilla oronasal con arnes para bipap mascara oronasal con puerto exhalatorio,incluye arnes",0
"MASCARA LARINGEA DESECHABLE N° 1, REUTILIZABLE",DISPOSITIVO DISEÑADOPARA PROVEER UNA VIA AEREA PERMEABLE PARA LA VENTILACION.,"mascara laringea desechable n° 1, reutilizable dispositivo diseñadopara proveer una via aerea permeable para la ventilacion.",0
"MASCARA LARINGEA DESECHABLE N° 1,5, REUTILIZABLE",DISPOSITIVO DISEÑADOPARA PROVEER UNA VIA AEREA PERMEABLE PARA LA VENTILACION.,"mascara laringea desechable n° 1,5, reutilizable dispositivo diseñadopara proveer una via aerea permeable para la ventilacion.",0
"MASCARA LARINGEA N° 2 (REFERENCIA PORTEX), REUTILIZABLE",DISPOSITIVO DISEÑADOPARA PROVEER UNA VIA AEREA PERMEABLE PARA LA VENTILACION.,"mascara laringea n° 2 (referencia portex), reutilizable dispositivo diseñadopara proveer una via aerea permeable para la ventilacion.",0
"MASCARA LARINGEA N° 2,5, REUTILIZABLE",DISPOSITIVO DISEÑADOPARA PROVEER UNA VIA AEREA PERMEABLE PARA LA VENTILACION.,"mascara laringea n° 2,5, reutilizable dispositivo diseñadopara proveer una via aerea permeable para la ventilacion.",0
"MASCARA LARINGEA N° 3 (REFERENCIA PORTEX), REUTILIZABLE",DISPOSITIVO DISEÑADOPARA PROVEER UNA VIA AEREA PERMEABLE PARA LA VENTILACION.,"mascara laringea n° 3 (referencia portex), reutilizable dispositivo diseñadopara proveer una via aerea permeable para la ventilacion.",0
"MASCARA LARINGEA N° 4, REUTILIZABLE",DISPOSITIVO DISEÑADOPARA PROVEER UNA VIA AEREA PERMEABLE PARA LA VENTILACION.,"mascara laringea n° 4, reutilizable dispositivo diseñadopara proveer una via aerea permeable para la ventilacion.",0
"MASCARA LARINGEA N° 5 (REFERENCIA  PORTEX), REUTILIZABLE",DISPOSITIVO DISEÑADOPARA PROVEER UNA VIA AEREA PERMEABLE PARA LA VENTILACION.,"mascara laringea n° 5 (referencia  portex), reutilizable dispositivo diseñadopara proveer una via aerea permeable para la ventilacion.",0
AEROCAMARA CON MASCARILLA PEDIATRICA 1 A 5 AÑOS (SIMILAR A PARI BABY),AEROCAMARA UNIVERSAL INHALATORIA PARA NINOS Y ADULTO. LABORATORIO: MITLAB. CONTIENE ADAPTADOR UNIVERSAL PARA TODO TIPO DE INHALADOR Y SILBATO INDICADOR DE INHALACION CORRECTA.,aerocamara con mascarilla pediatrica 1 a 5 años (similar a pari baby) aerocamara universal inhalatoria para ninos y adulto. laboratorio: mitlab. contiene adaptador universal para todo tipo de inhalador y silbato indicador de inhalacion correcta.,0
CUBRE CALZADO DESECHABLE ANTIDESLIZANTE,SKU700420 CUBRE CALZADO DESECHABLE ANTIDESLIZANTE AZUL. MARCA BIOMEDIKA. PROCEDENCIA CHINA. BOLSA X 100 UNIDADES,cubre calzado desechable antideslizante sku700420 cubre calzado desechable antideslizante azul. marca biomedika. procedencia china. bolsa x 100 unidades,0
GORRO ENFERMERA DESECHABLE,GORROS DES. CON ELASTICO BLANCO,gorro enfermera desechable gorros des. con elastico blanco,0
MASCARILLA DESECHABLE HIPOALERGENICAS CON ELASTICO,MASCARILLA DESECHABLE HIPOALERGENICAS CON ELASTICO,mascarilla desechable hipoalergenicas con elastico mascarilla desechable hipoalergenicas con elastico,0
"ESCUDO FACIAL DEBE CUBRIR TODO EL ROSTRO, ANTIEMPAÑANTE, MÁXIMA PROTECCIÓN CONTRA SALPICADURAS, CÓMODO Y FÁCIL DE USAR.",LENTE + PROTECTOR DISPOMEDICA,"escudo facial debe cubrir todo el rostro, antiempañante, máxima protección contra salpicaduras, cómodo y fácil de usar. lente + protector dispomedica",0
MASCARILLA DESECHABLE HIPOALERGENICAS CON TIRAS,MASCARILLA 3 PLIEGUES CON AMARRAS,mascarilla desechable hipoalergenicas con tiras mascarilla 3 pliegues con amarras,0
GORRO CIRUJANO DESECHABLE,GORRO CIRUJANO CELESTE,gorro cirujano desechable gorro cirujano celeste,0
BATA DE PROCEDIMIENTO TALLA M,BATA PACIENTE NO ESTERIL,bata de procedimiento talla m bata paciente no esteril,0
BATA QUIRÚRGICA ESTERIL TALLA L,BATA QUIRURGICA STANDARD ESTERIL L,bata quirúrgica esteril talla l bata quirurgica standard esteril l,0
BATA QUIRÚRGICA ESTERIL TALLA M,BATA QUIRURGICA STANDARD ESTERIL M,bata quirúrgica esteril talla m bata quirurgica standard esteril m,0
BATA QUIRURGICA ESTERIL TALLA XL,BATA QUIRURGICA STANDARD ESTERIL XL,bata quirurgica esteril talla xl bata quirurgica standard esteril xl,0
ALGODON HIDROFILO PRENSADO 1 KILO,ALGODON HIDROFILO PRENSADO,algodon hidrofilo prensado 1 kilo algodon hidrofilo prensado,0
"TORULA DE ALGODÓN NO ESTERIL 0,5 GR BOLSA POR 100 UD","TAN016-II: TORULA DE ALGODON 0.5 GR, BOLSA X 100 UDS, PRIMUS, NO ESTERIL, EN BOLSA PLASTICA, MARCA PRIMUS, PROCEDENCIA CHINA, CERTIFICACIONES CERTIFICADOS ISO 13485, CE, LIBRE DE LÁTEX, VENCIMIENTO 05.09.2026","torula de algodón no esteril 0,5 gr bolsa por 100 ud tan016-ii: torula de algodon 0.5 gr, bolsa x 100 uds, primus, no esteril, en bolsa plastica, marca primus, procedencia china, certificaciones certificados iso 13485, ce, libre de látex, vencimiento 05.09.2026",0
"TORULA DE ALGODON NO ESTERIL 1,0 GR BOLSA POR 100 UD","TAN010-II: TORULA DE ALGODON 1 GR, BOLSA X 100 UDS, PRIMUS, NO ESTERIL, EN BOLSA PLASTICA, MARCA PRIMUS, PROCEDENCIA CHINA, CERTIFICACIONES ISO 13485:2016, CE, LIBRE VENTA, LIBRE LATEX., VENCIMIENTO 05.09.2026","torula de algodon no esteril 1,0 gr bolsa por 100 ud tan010-ii: torula de algodon 1 gr, bolsa x 100 uds, primus, no esteril, en bolsa plastica, marca primus, procedencia china, certificaciones iso 13485:2016, ce, libre venta, libre latex., vencimiento 05.09.2026",0
"TORULONES DE ALGODON NO ESTERIL 5 GR, PARA ASEO PACIENTES","TAN202-II: TORULA DE ALGODON 5 GR, BOLSA X  100 UDS, PRIMUS, NO ESTERIL, EN BO, MARCA PRIMUS, PROCEDENCIA CHINA, CERTIFICACIONES ISO 13485:2016, CE, LIBRE VENTA, LIBRE LATEX, VENCIMIENTO 30.12.2025","torulones de algodon no esteril 5 gr, para aseo pacientes tan202-ii: torula de algodon 5 gr, bolsa x  100 uds, primus, no esteril, en bo, marca primus, procedencia china, certificaciones iso 13485:2016, ce, libre venta, libre latex, vencimiento 30.12.2025",0
APOSITO ESTERIL 10 X 20 CM,APOSITO ESTERIL 10X20 CMS.,aposito esteril 10 x 20 cm aposito esteril 10x20 cms.,0
APOSITO ESTERIL 20 X 20 CM  ,"AEI004: APOSITO GASA  NO  TEJIDA  20X20cms,   CON HILO RADIOPACO  ENTRAMADO,  UNIDAD ENVASE SACO GRADO MEDICO ESTERIL RAYOS GAMA, MARCA PRIMUS, PROCEDENCIA CHINA, CERTIFICACIONES CERTIFICADO ISO 13485:2016. CE. LIBRE VENTA. LIBRE LATEX, VENCIMIENTO 01.11.2025","aposito esteril 20 x 20 cm   aei004: aposito gasa  no  tejida  20x20cms,   con hilo radiopaco  entramado,  unidad envase saco grado medico esteril rayos gama, marca primus, procedencia china, certificaciones certificado iso 13485:2016. ce. libre venta. libre latex, vencimiento 01.11.2025",0
APOSITO ESTERIL 20 X 20 GASA TEJIDA EN ENVASE INDIVIDUAL,APOSITO ESTERIL 20 X 20 GASA TEJIDA EN ENVASE INDIVIDUAL,aposito esteril 20 x 20 gasa tejida en envase individual aposito esteril 20 x 20 gasa tejida en envase individual,0
APOSITO ESTERIL 20 X 25 CM ,APOSITO ESTERIL 20 X 25 CM ,aposito esteril 20 x 25 cm  aposito esteril 20 x 25 cm ,0
APOSITO ESTERIL 7 X 10 CM.,APOSITO ESTERIL 7 X 10 CM.,aposito esteril 7 x 10 cm. aposito esteril 7 x 10 cm.,0
APOSITO GASA ESTERIL 10*20 CMS.,APOSITO GASA ESTERIL 10*20 CMS.,aposito gasa esteril 10*20 cms. aposito gasa esteril 10*20 cms.,0
"APOSITO GASA ESTERIL 20 CMS. X 1,5 MTS.","MIX1069-I: APOSITO GASA TEJIDA 20 CM. X 1.5 MTS, PRIMUS, ESTERIL, EN ENVASE GRADO MEDICO, UD, MARCA PRIMUS, PROCEDENCIA CHINA, CERTIFICACIONES ISO 13485:2016, CE, LIBRE VENTA, LIBRE LATEX, VENCIMIENTO 01.11.2025","aposito gasa esteril 20 cms. x 1,5 mts. mix1069-i: aposito gasa tejida 20 cm. x 1.5 mts, primus, esteril, en envase grado medico, ud, marca primus, procedencia china, certificaciones iso 13485:2016, ce, libre venta, libre latex, vencimiento 01.11.2025",0
APOSITO GASA ESTERIL 20*20 CMS.,APOSITO GASA ESTERIL 20*20 CMS.,aposito gasa esteril 20*20 cms. aposito gasa esteril 20*20 cms.,0
APOSITO GASA ESTERIL 20*25 CMS.,APOSITO GASA ESTERIL 20*25 CMS.,aposito gasa esteril 20*25 cms. aposito gasa esteril 20*25 cms.,0
APOSITO GASA ESTERIL 7*20 CMS.,APOSITO GASA ESTERIL 7*20 CMS.,aposito gasa esteril 7*20 cms. aposito gasa esteril 7*20 cms.,0
COMPRESA RADIOPACA ESTERIL 45*45 CMS.,MUNCARE COMPRESAS DE LAPAROTOMIA 45X45  X5 LIKANG,compresa radiopaca esteril 45*45 cms. muncare compresas de laparotomia 45x45  x5 likang,0
COMPRESA RADIOPACA NO ESTERIL 45*45 CMS.,PAQUETE X 5 UNIDADES - CAJA MASTER 800 UNIDADES,compresa radiopaca no esteril 45*45 cms. paquete x 5 unidades - caja master 800 unidades,0
GASA ESTERIL 10 X 10 CM ENVASE INDIVIDUAL,"CIE003: COMPRESA GASA NO TEJIDA (NO GAUZE)  10X10 cm, 4 PLIEGUES SOBRE ENVASE  MIXTO  X  2 UNIDADES,  ESTERIL RAYOS GAMMA, CAJA X 85 SOBRES, VALOR X SOBRE, MARCA PRIMUS, PROCEDENCIA CHINA, CERTIFICACIONES CERTIFICADO ISO 13485:2016. CE. LIBRE VENTA. LIBRE LATEX, VENCIMIENTO 01.04.2026","gasa esteril 10 x 10 cm envase individual cie003: compresa gasa no tejida (no gauze)  10x10 cm, 4 pliegues sobre envase  mixto  x  2 unidades,  esteril rayos gamma, caja x 85 sobres, valor x sobre, marca primus, procedencia china, certificaciones certificado iso 13485:2016. ce. libre venta. libre latex, vencimiento 01.04.2026",0
GASA ESTERIL 5 X 5 CM  ENVASE DE 2 UNIDADES,GASA NO TEJIDA ESTERIL 5X5 CM,gasa esteril 5 x 5 cm  envase de 2 unidades gasa no tejida esteril 5x5 cm,0
GASA ESTERIL 5 X 70 CM ENVASE INDIVIDUAL,"MIX276-I: GASA LARGA TEJIDA 5 X 70 CM CON HILO RADIOPACO; PRIMUS; ESTERIL; EN SMS Y ENVASE MIXTO; X AUTOCLAVE, MARCA PRIMUS, PROCEDENCIA CHINA, CERTIFICACIONES ISO 13485:2016; CE; LIBRE VENTA; LIBRE LATEX, VENCIMIENTO 01.05.2026","gasa esteril 5 x 70 cm envase individual mix276-i: gasa larga tejida 5 x 70 cm con hilo radiopaco; primus; esteril; en sms y envase mixto; x autoclave, marca primus, procedencia china, certificaciones iso 13485:2016; ce; libre venta; libre latex, vencimiento 01.05.2026",0
GASA ESTERIL 5 X 90 CM ENVASE DE 10 UNIDADES,GASA ESTERIL 5 X 90 CM ENVASE DE 10 UNIDADES,gasa esteril 5 x 90 cm envase de 10 unidades gasa esteril 5 x 90 cm envase de 10 unidades,0
"GASA ESTERIL 7,5 X  7,5 CM EN ENVASE INDIVIDUAL","GASA NO TEJIDA ESTERIL  7,5X7,5 CMS.","gasa esteril 7,5 x  7,5 cm en envase individual gasa no tejida esteril  7,5x7,5 cms.",0
"GASA HIDROFILA DE 90 CM.X 91,4 MT. ROLLO",MUNCARE ABSORBENT GAUZE TYPE USP 40x40  24x20MESH 36PLGx100YARDAS 4 PLIEGOS CHANNELMED,"gasa hidrofila de 90 cm.x 91,4 mt. rollo muncare absorbent gauze type usp 40x40  24x20mesh 36plgx100yardas 4 pliegos channelmed",0
GASA NO TEJIDA ESTERIL DE 10 X 10 CM. 4 PLIEGUES EN ENVASE INDIVIDUAL DE 2 UNIDADES (REF. COMPLEMED SASF),GASA NO TEJIDA ESTERIL DE 10 X 10 CM. 4 PLIEGUES EN ENVASE INDIVIDUAL DE 2 UNIDADES (REF. COMPLEMED SASF),gasa no tejida esteril de 10 x 10 cm. 4 pliegues en envase individual de 2 unidades (ref. complemed sasf) gasa no tejida esteril de 10 x 10 cm. 4 pliegues en envase individual de 2 unidades (ref. complemed sasf),0
HISOPO GASA HIDROFILA + BAJALENGUA ESTERIL X 1,"MIX503: HISOPO GASA TEJIDA, UNDAD ENVASE  MIXTO ESTERIL RAYOS GAMMA., MARCA PRIMUS, PROCEDENCIA CHINA, CERTIFICACIONES CERTIFICADO ISO 13485:2016. CE. LIBRE VENTA. LIBRE LATEX, VENCIMIENTO 01.02.2026","hisopo gasa hidrofila + bajalengua esteril x 1 mix503: hisopo gasa tejida, undad envase  mixto esteril rayos gamma., marca primus, procedencia china, certificaciones certificado iso 13485:2016. ce. libre venta. libre latex, vencimiento 01.02.2026",0
TORULA DE GASA ESTERIL ABSORVENTE DE 3 X 3 CM.(PAQUETE 10 UNIDADES) ,"MIX1166: TORULA GASA TEJIDA 3cm, CON HILO RADIOPACO,  PAQUETE X  10 UNIDADES, CON INTERNO  DOBLE ENVASE MIXTO ESTERIL AUTOCLAVE, MARCA PRIMUS, PROCEDENCIA CHILE, CERTIFICACIONES ISO 9001:2015. LIBRE DE LATEX., VENCIMIENTO 03.01.2027","torula de gasa esteril absorvente de 3 x 3 cm.(paquete 10 unidades)  mix1166: torula gasa tejida 3cm, con hilo radiopaco,  paquete x  10 unidades, con interno  doble envase mixto esteril autoclave, marca primus, procedencia chile, certificaciones iso 9001:2015. libre de latex., vencimiento 03.01.2027",0
CANULA TRAQUEOSTOMIA CON BALON CON ASPIRACION SUBGLOTICA N° 10,CÁNULA CON ASPIRACIÓN SUBGLÓTICA 10.0 MM. DI,canula traqueostomia con balon con aspiracion subglotica n° 10 cánula con aspiración subglótica 10.0 mm. di,0
"CANULA TRAQUEOSTOMIA CON BALON CON ASPIRACION SUBGLOTICA N° 7,0",canula traqueostomía blue line ultra suctionaid nro. 7,"canula traqueostomia con balon con aspiracion subglotica n° 7,0 canula traqueostomía blue line ultra suctionaid nro. 7",0
"CANULA TRAQUEOSTOMIA CON BALON CON ASPIRACION SUBGLOTICA N° 7,5",canula traqueostomía blue line ultra suctionaid nro. 7.5,"canula traqueostomia con balon con aspiracion subglotica n° 7,5 canula traqueostomía blue line ultra suctionaid nro. 7.5",0
"CANULA TRAQUEOSTOMIA CON BALON CON ASPIRACION SUBGLOTICA N° 8,0",canula traqueostomía blue line ultra suctionaid nro. 8,"canula traqueostomia con balon con aspiracion subglotica n° 8,0 canula traqueostomía blue line ultra suctionaid nro. 8",0
"CANULA TRAQUEOSTOMIA CON BALON CON ASPIRACION SUBGLOTICA N° 8,5",canula traqueostomía blue line ultra suctionaid nro. 8.5,"canula traqueostomia con balon con aspiracion subglotica n° 8,5 canula traqueostomía blue line ultra suctionaid nro. 8.5",0
"CANULA TRAQUEOSTOMIA CON BALON CON ASPIRACION SUBGLOTICA N° 9,0",canula traqueostomía blue line ultra suctionaid nro. 9,"canula traqueostomia con balon con aspiracion subglotica n° 9,0 canula traqueostomía blue line ultra suctionaid nro. 9",0
"CANULA TRAQUEOSTOMIA CON BALON CON ENDOCANULA N° 6,0",CÁNULA ADULTO 6.0MM.CON BALÓN,"canula traqueostomia con balon con endocanula n° 6,0 cánula adulto 6.0mm.con balón",0
"CANULA TRAQUEOSTOMIA CON BALON CON ENDOCANULA N° 6,5",CANULA TRAQUEOST (M) CB 6.5MM CRYSTAL CLEAR PLUS C/ENDOCANULAS,"canula traqueostomia con balon con endocanula n° 6,5 canula traqueost (m) cb 6.5mm crystal clear plus c/endocanulas",0
"CANULA TRAQUEOSTOMIA CON BALON CON ENDOCANULA N° 7,0",CANULA TRAQUEOST (M)  CB 7.0MM CRYSTAL CLEAR PLUS C/ENDOCANULAS,"canula traqueostomia con balon con endocanula n° 7,0 canula traqueost (m)  cb 7.0mm crystal clear plus c/endocanulas",0
"CANULA TRAQUEOSTOMIA CON BALON CON ENDOCANULA N° 7,5",CANULA TRAQUEOST (M) CB 7.5MM CRYSTAL CLEAR PLUS C/ENDOCANULAS,"canula traqueostomia con balon con endocanula n° 7,5 canula traqueost (m) cb 7.5mm crystal clear plus c/endocanulas",0
"CANULA TRAQUEOSTOMIA CON BALON CON ENDOCANULA N° 8,0",CANULA TRAQUEOST (M) CB 8.0MM CRYSTAL CLEAR PLUS C/ENDOCANULAS,"canula traqueostomia con balon con endocanula n° 8,0 canula traqueost (m) cb 8.0mm crystal clear plus c/endocanulas",0
"CANULA TRAQUEOSTOMIA CON BALON CON ENDOCANULA N° 8,5",CANULA TRAQUEOST (M) CB 8.5MM CRYSTAL CLEAR PLUS C/ENDOCANULAS,"canula traqueostomia con balon con endocanula n° 8,5 canula traqueost (m) cb 8.5mm crystal clear plus c/endocanulas",0
"CANULA TRAQUEOSTOMIA CON BALON CON ENDOCANULA N° 9,0",CANULA TRAQUEOST (M) CB 9.0MM CRYSTAL CLEAR PLUS C/ENDOCANULAS,"canula traqueostomia con balon con endocanula n° 9,0 canula traqueost (m) cb 9.0mm crystal clear plus c/endocanulas",0
"CANULA TRAQUEOSTOMIA CON BALON N° 3,5 ","CANULA TRAQUEOST CB 3,5 MM CRYSTAL CLEAR (M)","canula traqueostomia con balon n° 3,5  canula traqueost cb 3,5 mm crystal clear (m)",0
"CANULA TRAQUEOSTOMIA CON BALON N° 4,0","CANULA TRAQUEOST CB 4,0 MM CRYSTAL CLEAR (M)","canula traqueostomia con balon n° 4,0 canula traqueost cb 4,0 mm crystal clear (m)",0
"CANULA TRAQUEOSTOMIA CON BALON N° 4,5","CANULA TRAQUEOST CB 4,5 MM CRYSTAL CLEAR (M)","canula traqueostomia con balon n° 4,5 canula traqueost cb 4,5 mm crystal clear (m)",0
"CANULA TRAQUEOSTOMIA CON BALON N° 5,0","CANULA TRAQUEOST CB 5,0 MM CRYSTAL CLEAR (M)","canula traqueostomia con balon n° 5,0 canula traqueost cb 5,0 mm crystal clear (m)",0
"CANULA TRAQUEOSTOMIA CON BALON N° 5,5","CANULA TRAQUEOST CB 5,5 MM CRYSTAL CLEAR (M)","canula traqueostomia con balon n° 5,5 canula traqueost cb 5,5 mm crystal clear (m)",0
"CANULA TRAQUEOSTOMIA CON BALON N° 6,0","CANULA TRAQUEOST CB 6,0 MM CRYSTAL CLEA","canula traqueostomia con balon n° 6,0 canula traqueost cb 6,0 mm crystal clea",0
"CANULA TRAQUEOSTOMIA CON BALON N° 6,5","CANULA TRAQUEOST CB 6,5 MM CRYSTAL CLEAR (M)","canula traqueostomia con balon n° 6,5 canula traqueost cb 6,5 mm crystal clear (m)",0
"CANULA TRAQUEOSTOMIA CON BALON N° 7,0",CÁNULA ADULTO 7.0MM.CON BALÓN,"canula traqueostomia con balon n° 7,0 cánula adulto 7.0mm.con balón",0
"CANULA TRAQUEOSTOMIA CON BALON N° 7,5",CÁNULA ADULTO 7.5MM.CON BALÓN,"canula traqueostomia con balon n° 7,5 cánula adulto 7.5mm.con balón",0
"CANULA TRAQUEOSTOMIA CON BALON N° 8,0",CÁNULA ADULTO 8.0MM.CON BALÓN,"canula traqueostomia con balon n° 8,0 cánula adulto 8.0mm.con balón",0
"CANULA TRAQUEOSTOMIA CON BALON N° 8,5",canula traqueostomía con balón blue line ultra nro. 8.5,"canula traqueostomia con balon n° 8,5 canula traqueostomía con balón blue line ultra nro. 8.5",0
"CANULA TRAQUEOSTOMIA CON BALON N° 9,0",CÁNULA ADULTOCON BALÓN 9.0 MM.,"canula traqueostomia con balon n° 9,0 cánula adultocon balón 9.0 mm.",0
"CANULA TRAQUEOSTOMIA SIN BALON CON ENDOCANULA N° 6,0",CÁNULA  ADULTO SIN BALÓN 6.0 MM.,"canula traqueostomia sin balon con endocanula n° 6,0 cánula  adulto sin balón 6.0 mm.",0
"CANULA TRAQUEOSTOMIA SIN BALON CON ENDOCANULA N° 7,0",CÁNULA  ADULTO SIN BALÓN 7.0 MM.,"canula traqueostomia sin balon con endocanula n° 7,0 cánula  adulto sin balón 7.0 mm.",0
"CANULA TRAQUEOSTOMIA SIN BALON CON ENDOCANULA N° 7,5",CÁNULA  ADULTO SIN BALÓN 7.5 MM.,"canula traqueostomia sin balon con endocanula n° 7,5 cánula  adulto sin balón 7.5 mm.",0
"CANULA TRAQUEOSTOMIA SIN BALON CON ENDOCANULA N° 8,0",CÁNULA  ADULTO SIN BALÓN 8.0 MM.,"canula traqueostomia sin balon con endocanula n° 8,0 cánula  adulto sin balón 8.0 mm.",0
"CANULA TRAQUEOSTOMIA SIN BALON CON ENDOCANULA N° 8,5","kit traqueostomia sin balon blue line ultra, incluye 2 endocanulas, fijador y cepillo de limpieza nro. 8.5","canula traqueostomia sin balon con endocanula n° 8,5 kit traqueostomia sin balon blue line ultra, incluye 2 endocanulas, fijador y cepillo de limpieza nro. 8.5",0
"CANULA TRAQUEOSTOMIA SIN BALON CON ENDOCANULA N° 9,0",CÁNULA  ADULTO SIN BALÓN 9.0 MM.,"canula traqueostomia sin balon con endocanula n° 9,0 cánula  adulto sin balón 9.0 mm.",0
CANULA TRAQUEOSTOMIA SIN BALON N° 3,CÁNULA PEDIÁTRICA SIN BALÓN 3.0 MM.,canula traqueostomia sin balon n° 3 cánula pediátrica sin balón 3.0 mm.,0
"CANULA TRAQUEOSTOMIA SIN BALON N° 3,5",CÁNULA PEDIÁTRICA SIN BALÓN 3.5 MM.,"canula traqueostomia sin balon n° 3,5 cánula pediátrica sin balón 3.5 mm.",0
"CANULA TRAQUEOSTOMIA SIN BALON N° 4,0",CANULA TRAQUEOST SB 4.0MM BIESALSKI,"canula traqueostomia sin balon n° 4,0 canula traqueost sb 4.0mm biesalski",0
"CANULA TRAQUEOSTOMIA SIN BALON N° 4,5",CÁNULA PEDIÁTRICA SIN BALÓN 4.5 MM.,"canula traqueostomia sin balon n° 4,5 cánula pediátrica sin balón 4.5 mm.",0
"CANULA TRAQUEOSTOMIA SIN BALON N° 5,0",CANULA TRAQUEOST SB 5.0MM BIESALSKI,"canula traqueostomia sin balon n° 5,0 canula traqueost sb 5.0mm biesalski",0
"CANULA TRAQUEOSTOMIA SIN BALON N° 7,0",CANULA TRAQUEOST SB 7.0MM BIESALSKI,"canula traqueostomia sin balon n° 7,0 canula traqueost sb 7.0mm biesalski",0
"CANULA TRAQUEOSTOMIA SIN BALON N° 7,5",CÁNULA ADULTO SIN BALÓN 7.5 MM.,"canula traqueostomia sin balon n° 7,5 cánula adulto sin balón 7.5 mm.",0
"CANULA TRAQUEOSTOMIA SIN BALON N° 8,0",CANULA TRAQUEOST SB 8.0MM BIESALSKI,"canula traqueostomia sin balon n° 8,0 canula traqueost sb 8.0mm biesalski",0
FILTRO HUMIDIFICADOR PARA TRAQUEOSTOMIA TRACH VENT PLUS  ,FILTRO  PARA TRAQUEOSTOMÍA TRQUEOLIFE III,filtro humidificador para traqueostomia trach vent plus   filtro  para traqueostomía trqueolife iii,0
FILTRO VIRAL BACTERIANO DESECHABLE  CÓDIGO REF: 342077,"FILTRO VIRAL BACTERIANO,DESECHABLE ,NOESTERIL","filtro viral bacteriano desechable  código ref: 342077 filtro viral bacteriano,desechable ,noesteril",0
MARCAPASO BICAMERAL MULTIPROGRAMABLE MODO DDDR,MARCAPASO BICAMERAL MODELO ATTESTA ,marcapaso bicameral multiprogramable modo dddr marcapaso bicameral modelo attesta ,0
MARCAPASO MONOCAMERAL,MARCAPASO UNICAMERAL MODELO ATTESTA,marcapaso monocameral marcapaso unicameral modelo attesta,0
SET TRAQUEOSTOMIA PERCUTANEA TIPO QUICK TRACH ADULTO  Nº 8,"TRACOE experc twist es un kit de traqueostomía percutánea de dilatación en un solo paso con los accesorios para realizar la técnica de Ciaglia/Seldinger, con un introductor atraumático precargado con una cánula de traqueostomía modelo Twist, con balón de baja presión, 2 endocánulas y 1 fijador de cánula.","set traqueostomia percutanea tipo quick trach adulto  nº 8 tracoe experc twist es un kit de traqueostomía percutánea de dilatación en un solo paso con los accesorios para realizar la técnica de ciaglia/seldinger, con un introductor atraumático precargado con una cánula de traqueostomía modelo twist, con balón de baja presión, 2 endocánulas y 1 fijador de cánula.",0
